RANGO_INICIAL;RANGO_FINAL;DEPARTAMENTO;CIUDAD;SERVICIO
AAA000;AAJ999;BOGOTAD.E.;BOGOTA D.E.;PARTICULAR
AAK000;AAZ999;NARIÑO;INUES;PARTICULAR
ABA000;ABJ999;BOGOTAD.E.;BOGOTA D.E.;PARTICULAR
ACA000;ACJ999;BOGOTAD.E.;BOGOTA D.E.;PARTICULAR
ACK000;ACZ999;NARINO;SAMANIEGO;PARTICULAR
ADA000;ADJ999;BOGOTAD.E.;BOGOTA D.E.;PARTICULAR
ADK000;ADK999;ANTIOQUIA;ANDES;PARTICULAR
AEA000;AEJ999;BOGOTAD.E.;BOGOTA D.E.;PARTICULAR
AEK000;AEZ999;NARIÑO;BUESACO;PARTICULAR
AFA000;AFJ999;BOGOTAD.E.;BOGOTA D.E.;PARTICULAR
AGA000;AGJ999;BOGOTAD.E.;BOGOTA D.E.;PARTICULAR
AGK000;AGK499;CALDAS;AGUADAS;PARTICULAR
AGK500;AGZ999;NARIÑO;GUACHUCAL;PARTICULAR
AHA000;AHJ999;BOGOTAD.E.;BOGOTA D.E.;PARTICULAR
AIA000;AIJ999;BOGOTAD.E.;BOGOTA D.E.;PARTICULAR
AIK000;AIZ999;NARIÑO;PUPIALES;PARTICULAR
AJA000;AJJ999;BOGOTAD.E.;BOGOTA D.E.;PARTICULAR
AKA000;AKJ999;BOGOTAD.E.;BOGOTA D.E.;PARTICULAR
AKK000;AKL999;CESAR;AGUACHICA;PARTICULAR
ALA000;ALJ999;BOGOTAD.E.;BOGOTA D.E.;PARTICULAR
AMA000;AMJ999;BOGOTAD.E.;BOGOTA D.E.;PARTICULAR
ANA000;ANJ999;BOGOTAD.E.;BOGOTA D.E.;PARTICULAR
ANK000;ANK999;CALDAS;ANSERMA;PARTICULAR
AOA000;AOJ999;BOGOTAD.E.;BOGOTA D.E.;PARTICULAR
APA000;APJ999;BOGOTAD.E.;BOGOTA D.E.;PARTICULAR
APK000;APL499;ANTIOQUIA;APARTADO;PARTICULAR
AQA000;AQJ999;BOGOTAD.E.;BOGOTA D.E.;PARTICULAR
ARA000;ARJ999;BOGOTAD.E.;BOGOTA D.E.;PARTICULAR
ARK000;ARV999;QUINDIO;ARMENIA;PARTICULAR
ASA000;ASJ999;BOGOTAD.E.;BOGOTA D.E.;PARTICULAR
ATA000;ATJ999;BOGOTAD.E.;BOGOTA D.E.;PARTICULAR
AUA000;AUF000;BOGOTAD.E.;BOGOTA D.E.;PARTICULAR
AUJ000;AUJ999;BOGOTAD.E.;BOGOTA D.E.;PARTICULAR
AUK000;AUK999;INT. DE ARAU;ARAUCA;PARTICULAR
AUL000;AVK999;NARINO;PASTO;PARTICULAR
AVL000;AVZ999;ATLANTICO;SOLEDAD;PARTICULAR
AWK000;AWP999;MAGDALENA;ARACATACA;PARTICULAR
AWQ000;AWT999;NARINO;PASTO;PARTICULAR
AWU000;AXJ999;TOLIMA;IBAGUE;PARTICULAR
AXK000;AXZ999;SUCRE;SINCELEJO;PARTICULAR
AYK000;AYZ999;CAUCA;TIMBIO;PARTICULAR
AZA000;AZM999;AMAZONAS;LETICIA;PARTICULAR
AZN000;AZS999;TOLIMA;ALVARADO;PARTICULAR
AZT000;AZY999;TOLIMA;ROVIRA;PARTICULAR
AZZ000;AZZ999;TOLIMA;HONDA;PARTICULAR
BAA000;BPJ999;BOGOTAD.E.;BOGOTA D.E.;PARTICULAR
BPK001;BPZ999;BOLIVAR;TURBACO;PARTICULAR
BQA000;BQZ999;BOLIVAR;SAN JUANNEP;PARTICULAR
BUA000;BVN999;SANTANDER;BUCARAMANGA;PARTICULAR
BVO000;BVZ999;BOLIVAR;TURBACO;PARTICULAR
BWT000;BWX999;ANTIOQUIA;SABANETA;PARTICULAR
BXA000;BXJ999;ANTIOQUIA;SABANETA;PARTICULAR
CAA000;CBZ999;VALLE;CALI;PARTICULAR
CEA000;CER999;VALLE;CALI;PARTICULAR
CES000;CES499;CUNDINAMARCA;CHIA;PARTICULAR
CET000;CEZ999;VALLE;EL CERRITO;PARTICULAR
CFA000;CFW999;VALLE;CALI;PARTICULAR
CFX000;CFZ999;VALLE;CALI;PARTICULAR
CGA000;CGG999;VALLE;CARTAGO;PARTICULAR
CGS000;CHZ999;CUNDINAMARCA;CHIA;PARTICULAR
CIA000;CIA999;ANTIOQUIA;CAUCASIA;PARTICULAR
CIB000;CJJ999;CUNDINAMARCA;CHIA;PARTICULAR
CJK000;CJZ999;CUNDINAMARCA;CHIA;PARTICULAR
CKA000;CKJ999;VALLE;CALI;PARTICULAR
CKK000;CKR999;CORDOBA;CHINU;PARTICULAR
CKS000;CKY999;CORDOBA;CERETE;PARTICULAR
CLA000;CLE999;QUINDIO;CALARCA;PARTICULAR
CLK000;CLN999;CESAR;AGUSTIN CODA;PARTICULAR
CLO000;CLO999;QUINDIO;CIRCASIA;PARTICULAR
CLP000;CLP999;QUINDIO;CIRCASIA;PARTICULAR
CMS000;CMV999;ANTIOQUIA;FRONTINO;PARTICULAR
CMW000;CMX999;BOLIVAR;CLEMENCIA;PARTICULAR
CNA000;CNM999;VALLE;ANDALUCIA;PARTICULAR
CNN000;CNN999;VALLE;CAICEDONIA;PARTICULAR
CNO000;CNZ999;VALLE;ANDALUCIA;PARTICULAR
CON000;CON999;NORTESANTAN;CONVENCION;PARTICULAR
COO000;COV999;ANTIOQUIA;CAUCASIA;PARTICULAR
COW000;COZ999;BOYACA;COMBITA;PARTICULAR
CPK000;CPK999;CUNDINAMARCA;MINISTERIO T;PUBLICO
CPL000;CPL999;CUNDINAMARCA;MINISTERIO T;PUBLICO
CQN000;CQQ499;CUNDINAMARCA;CAQUEZA;PARTICULAR
CQR000;CQV999;CUNDINAMARCA;LA CALERA;PARTICULAR
CRA000;CRJ999;CUNDINAMARCA;LA CALERA;PARTICULAR
CRM000;CRN999;BOLIVAR;CARMEN DEBO;PARTICULAR
CRR000;CRT999;SUCRE;COROZAL;PARTICULAR
CRU000;CRZ999;CUNDINAMARCA;LA CALERA;PARTICULAR
CSA000;CSW999;CUNDINAMARCA;LA CALERA;PARTICULAR
CSX000;CSY999;BOLIVAR;ARJONA;PARTICULAR
CTA000;CTT999;BOLIVAR;CARTAGENA;PARTICULAR
CTU000;CTW999;CUNDINAMARCA;LA CALERA;PARTICULAR
CUA000;CUJ999;NORTESANTAN;CUCUTA;PARTICULAR
CUU000;CUV511;NORTESANTAN;CUCUTA;PARTICULAR
DAK000;DAO999;MAGDALENA;CIENAGA;PARTICULAR
DAP000;DAU999;META;ACACIAS;PARTICULAR
DBA000;DBG999;VALLE;CANDELARIA;PARTICULAR
DOA000;DOC999;CALDAS;LA DORADA;PARTICULAR
DQA000;DQA999;RISARALDA;DOS QUEBRADA;PARTICULAR
DUA000;DUE999;BOYACA;DUITAMA;PARTICULAR
DVA000;DVE999;CESAR;VALLEDUPAR;PARTICULAR
DVN000;DVR999;INT DEL CAQU;EL PAUJIL;PARTICULAR
DVS000;DVS999;CUNDINAMARCA;PACHO;PARTICULAR
DVT000;DVX999;CAQUETA;BELEN ANDAQU;PARTICULAR
DWR000;DWV999;CESAR;ROBLES (LA P;PARTICULAR
DWW000;DWW999;HUILA;TARQUI;PARTICULAR
DWX000;DWZ999;CESAR;BOSCONIA;PARTICULAR
DXP000;DXT999;RISARALDA;DOS QUEBRADA;PARTICULAR
DXU000;DXU999;ANTIOQUIA;URRAO;PARTICULAR
DXV000;DXZ999;META;ACACIAS;PARTICULAR
DYG000;DYL999;META;RESTREPO;PARTICULAR
DYM000;DYM999;CASANARE;YOPAL;PARTICULAR
DYN000;DYR999;META;RESTREPO;PARTICULAR
DYS000;DYS999;ANTIOQUIA;STA ROSAD O;PARTICULAR
DYT000;DYX999;META;GRANADA;PARTICULAR
DZK000;DZP999;SUCRE;SAMPUES;PARTICULAR
ECA000;ECZ999;VALLE;BUENAVENTURA;PARTICULAR
EDK000;EDO999;BOYACA;SABOYA;PARTICULAR
EDP000;EDT999;SANTANDER;VELEZ;PARTICULAR
EEA000;EEZ999;VALLE;LA UNION;PARTICULAR
EGA000;EGH999;TOLIMA;ESPINAL;PARTICULAR
EJA000;EJJ999;SANTANDER;BARRANCABERM;PARTICULAR
EKA000;EKJ999;CUNDINAMARCA;ZIPAQUIRA;PARTICULAR
EKK000;EKZ999;ANTIOQUIA;SABANETA;PARTICULAR
ELA000;ELJ999;CUNDINAMARCA;ZIPAQUIRA;PARTICULAR
EMA000;EMB499;CUNDINAMARCA;ZIPAQUIRA;PARTICULAR
EMJ000;EMJ999;CUNDINAMARCA;ZIPAQUIRA;PARTICULAR
EMK000;EMK100;CALDAS;ARANZAZU;PARTICULAR
EPA000;EPE999;TOLIMA;ESPINAL;PARTICULAR
ERM000;ERQ999;VALLE;LA UNION;PARTICULAR
ERS000;ERW999;NARINO;SANDONA;PARTICULAR
ERX000;ERZ999;NARINO;TUMACO;PARTICULAR
ETO000;ETS999;ATLANTICO;MALAMBO;PARTICULAR
ETU000;ETY999;ATLANTICO;GALAPA;PARTICULAR
EUM000;EUZ999;ATLANTICO;PUERTO COLOM;PARTICULAR
EVA000;EVJ999;CUNDINAMARCA;MOSQUERA;PARTICULAR
EVK000;EVZ999;ANTIOQUIA;ENVIGADO;PARTICULAR
EWA000;EWJ999;CUNDINAMARCA;MOSQUERA;PARTICULAR
EWK000;EWZ999;ANTIOQUIA;ENVIGADO;PARTICULAR
EXA000;EXJ999;CUNDINAMARCA;MOSQUERA;PARTICULAR
EXK000;EXS999;ATLANTICO;PUERTO COLOM;PARTICULAR
EYA000;EYC000;CUNDINAMARCA;UBATE;PARTICULAR
EYJ000;EYJ999;CUNDINAMARCA;UBATE;PARTICULAR
EYK000;EYQ999;ANTIOQUIA;LA CEJA;PARTICULAR
EYR000;EYV999;SANTANDER;S VICEN CHUC;PARTICULAR
FAA000;FAJ999;CUNDINAMARCA;SOACHA;PARTICULAR
FAK000;FAZ999;ANTIOQUIA;ENVIGADO;PARTICULAR
FBA000;FBJ999;CUNDINAMARCA;SOACHA;PARTICULAR
FBK000;FBM999;CUNDINAMARCA;FUSAGASUGA;PARTICULAR
FCA000;FCJ999;CUNDINAMARCA;SOACHA;PARTICULAR
FDA000;FDI200;CUNDINAMARCA;SOACHA;PARTICULAR
FDJ000;FDJ999;CUNDINAMARCA;SOACHA;PARTICULAR
FDK000;FDO999;TOLIMA;LIBANO;PARTICULAR
FDP000;FDT999;NORTESANTAN;VILLA ROSARI;PARTICULAR
FEA000;FGH499;CUNDINAMARCA;FUSAGASUGA;PARTICULAR
FLA000;FLC499;CAQUETA;FLORENCIA;PARTICULAR
FLE000;FLN999;SANTANDER;FLORIDABLANC;PARTICULAR
FLO000;FLZ999;VALLE;FLORIDA;PARTICULAR
FRA000;FRA999;TOLIMA;FRESNO;PARTICULAR
FSA000;FSJ999;CUNDINAMARCA;MOSQUERA;PARTICULAR
FTA000;FTJ999;CUNDINAMARCA;MOSQUERA;PARTICULAR
FTK000;FTZ999;CUNDINAMARCA;FACATATIVA;PARTICULAR
FUA000;FUE000;CUNDINAMARCA;MOSQUERA;PARTICULAR
FUE001;FUE500;CUNDINAMARCA;CHIA;PARTICULAR
FUE501;FUF700;CUNDINAMARCA;MOSQUERA;PARTICULAR
FUJ000;FUJ999;CUNDINAMARCA;MOSQUERA;PARTICULAR
GCA000;GCJ999;CUNDINAMARCA;FACATATIVA;PARTICULAR
GDA000;GDJ999;CUNDINAMARCA;FACATATIVA;PARTICULAR
GFW000;GFZ999;HUILA;BARAYA;PARTICULAR
GGA000;GGA999;BOYACA;MIRAFLORES;PARTICULAR
GGK000;GGO999;HUILA;PALERMO;PARTICULAR
GGP000;GGT999;HUILA;CAMPOALEGRE;PARTICULAR
GGU000;GGY999;HUILA;TIMANA;PARTICULAR
GIS000;GIZ999;SANTANDER;GIRON;PARTICULAR
GKA000;GKB000;CUNDINAMARCA;CAQUEZA;PARTICULAR
GKB001;GKB400;CUNDINAMARCA;FUSAGASUGA;PARTICULAR
GKB401;GKB900;CUNDINAMARCA;CHIA;PARTICULAR
GKB901;GKC300;CUNDINAMARCA;CAQUEZA;PARTICULAR
GKE000;GKG200;CUNDINAMARCA;VILLETA;PARTICULAR
GKJ000;GKJ999;CUNDINAMARCA;CAQUEZA;PARTICULAR
GLA000;GLG300;CUNDINAMARCA;FUSAGASUGA;PARTICULAR
GLJ000;GLJ999;CUNDINAMARCA;FUSAGASUGA;PARTICULAR
GMA000;GMG900;CUNDINAMARCA;GIRARDOT;PARTICULAR
GMJ000;GMJ999;CUNDINAMARCA;GIRARDOT;PARTICULAR
GMK000;GMM999;TOLIMA;GUAMO;PARTICULAR
GMN000;GMN999;BOLIVAR;CARTAGENA;PARTICULAR
GMO000;GMQ999;BOLIVAR;CARTAGENA;PARTICULAR
GNA000;GNZ999;BOLIVAR;CARTAGENA;PARTICULAR
GOA000;GOZ999;ATLANTICO;PUERTO COLOM;PARTICULAR
GPA000;GPJ999;META;VILLAVICENCI;PARTICULAR
GQA000;GQD050;META;VILLAVICENCI;PARTICULAR
GQD051;GQE010;META;VILLAVICENCI;PARTICULAR
GQJ000;GQJ999;META;VILLAVICENCI;PARTICULAR
GQK000;GQL999;BOYACA;GUATEQUE;PARTICULAR
GQM000;GQM999;QUINDIO;ARMENIA;PARTICULAR
GQN000;GQN999;META;VILLAVICENCI;PARTICULAR
GQO000;GQO999;QUINDIO;ARMENIA;PARTICULAR
GRA000;GRH999;CUNDINAMARCA;GIRARDOT;PARTICULAR
GUA000;GUJ999;CAUCA;POPAYAN;PARTICULAR
GUK000;GUO999;VALLE;GUACARI;PARTICULAR
GVA000;GVJ999;CAUCA;POPAYAN;PARTICULAR
GWA000;GWJ999;CAUCA;POPAYAN;PARTICULAR
GXA000;GXJ999;CAUCA;POPAYAN;PARTICULAR
GYA000;GYC999;TOLIMA;GUAYABAL;PARTICULAR
GYJ000;GYJ999;LA GUAJIRA;RIOHACHA;PARTICULAR
GYK000;GYM499;TOLIMA;ALVARADO;PARTICULAR
GZA000;GZB499;HUILA;GARZON;PARTICULAR
HAA000;HAJ999;CALDAS;MANIZALES;PARTICULAR
HBA000;HBD999;CALDAS;MANIZALES;PARTICULAR
HBJ000;HBJ999;CALDAS;MANIZALES;PARTICULAR
HCA000;HCD700;CALDAS;MANIZALES;PARTICULAR
HCJ000;HCJ999;CALDAS;MANIZALES;PARTICULAR
HFA000;HFD600;CALDAS;CHINCHINA;PARTICULAR
HFJ000;HFJ999;CALDAS;CHINCHINA;PARTICULAR
HGA000;HGC200;CALDAS;LA DORADA;PARTICULAR
HGJ000;HGJ999;CALDAS;LA DORADA;PARTICULAR
HHE000;HHE900;CALDAS;ANSERMA;PARTICULAR
HIE000;HIE800;CALDAS;SALAMINA;PARTICULAR
HIJ000;HIJ600;CALDAS;RIOSUCIO;PARTICULAR
HIK000;HIR999;BOYACA;CHIQUINQUIRA;PARTICULAR
HJC000;HJC400;CALDAS;AGUADAS;PARTICULAR
HJE000;HJI999;CUNDINAMARCA;CHIA;PARTICULAR
HJJ001;HJJ650;CALDAS;MANZANARES;PARTICULAR
HKA000;HKE600;CUNDINAMARCA;CHIA;PARTICULAR
HKJ000;HKJ999;CUNDINAMARCA;CHIA;PARTICULAR
HLA000;HLJ999;RISARALDA;PEREIRA;PARTICULAR
HMA000;HMF450;RISARALDA;PEREIRA;PARTICULAR
HMF451;HMG758;RISARALDA;PEREIRA;PARTICULAR
HMJ000;HMJ999;RISARALDA;PEREIRA;PARTICULAR
HNK000;HNO999;CALDAS;CHINCHINA;PARTICULAR
HOA000;HOA999;CUNDINAMARCA;CHOCONTA;PARTICULAR
HOD000;HOF999;TOLIMA;HONDA;PARTICULAR
HOK000;HOZ999;CUNDINAMARCA;CHOCONTA;PARTICULAR
HRA000;HRB499;TOLIMA;CHAPARRAL;PARTICULAR
HSA000;HSD500;RISARALDA;ST ROSA DCA;PARTICULAR
HSJ000;HSJ999;RISARALDA;ST ROSA DCA;PARTICULAR
HTA000;HTB600;RISARALDA;LA VIRGINIA;PARTICULAR
HTE000;HTE300;SANTANDER;S VICEN CHUC;PARTICULAR
HTJ000;HTJ999;RISARALDA;LA VIRGINIA;PARTICULAR
HUA000;HUJ999;QUINDIO;ARMENIA;PARTICULAR
HUK000;HUL999;CUNDINAMARCA;UBATE;PARTICULAR
HUM000;HUZ999;CUNDINAMARCA;UBATE;PARTICULAR
HYA000;HYD500;QUINDIO;CALARCA;PARTICULAR
HYJ000;HYJ999;QUINDIO;CALARCA;PARTICULAR
HZA000;HZC000;QUINDIO;QUIMBAYA;PARTICULAR
HZE000;HZI999;ANTIOQUIA;BELLO;PARTICULAR
HZJ000;HZJ999;QUINDIO;QUIMBAYA;PARTICULAR
IAA000;IAJ999;SANTANDER;BUCARAMANGA;PARTICULAR
IAK000;IAL199;ANTIOQUIA;YARUMAL;PARTICULAR
IBA000;IBJ999;SANTANDER;BUCARAMANGA;PARTICULAR
IBK000;IBW999;TOLIMA;IBAGUE;PARTICULAR
ICA000;ICJ999;SANTANDER;BUCARAMANGA;PARTICULAR
IDA000;IDF200;SANTANDER;BUCARAMANGA;PARTICULAR
IDF201;IDG872;SANTANDER;BUCARAMANGA;PARTICULAR
IDG873;IDH812;SANTANDER;BUCARAMANGA;PARTICULAR
IDJ000;IDJ999;SANTANDER;BUCARAMANGA;PARTICULAR
IGG000;IGG200;ANTIOQUIA;TURBO;PARTICULAR
IKK000;IKR999;NARINO;TUQUERRES;PARTICULAR
IMJ001;IMJ300;NARINO;IPIALES;PARTICULAR
INA000;INE999;SANTANDER;BARRANCABERM;PARTICULAR
INF001;INI000;VALLE;CALI;PARTICULAR
INJ000;INJ999;SANTANDER;BARRANCABERM;PARTICULAR
IOA000;IOA499;CASANARE;YOPAL;PARTICULAR
IOK000;IOM999;CASANARE;YOPAL;PARTICULAR
IPA000;IPB700;SANTANDER;SAN GIL;PARTICULAR
IPB701;IPC700;SANTANDER;BUCARAMANGA;PARTICULAR
IPC701;IPC999;CUNDINAMARCA;MINISTERIO T;PARTICULAR
IPJ000;IPJ999;SANTANDER;SAN GIL;PARTICULAR
IPK000;IPP999;NARINO;IPIALES;PARTICULAR
IRE000;IRF550;SANTANDER;BARBOSA;PARTICULAR
ISE000;ISF900;SANTANDER;SOCORRO;PARTICULAR
ISJ001;ISJ900;SANTANDER;MALAGA;PARTICULAR
ISK000;ISO999;CHOCO;ISTMINA;PARTICULAR
ITA000;ITH200;NORTESANTAN;CUCUTA;PARTICULAR
ITJ000;ITJ999;NORTESANTAN;CUCUTA;PARTICULAR
ITK000;IUP999;ANTIOQUIA;ITAGUI;PARTICULAR
IWE000;IWF600;NORTESANTAN;OCANA;PARTICULAR
IWJ001;IWJ700;NORTESANTAN;CONVENCION;PARTICULAR
IXA000;IXA874;NORTESANTAN;PAMPLONA;PARTICULAR
IXE000;IXE499;VALLE;CAICEDONIA;PARTICULAR
IXJ001;IXJ999;NORTESANTAN;PAMPLONA;PARTICULAR
IYA000;IYJ999;CESAR;VALLEDUPAR;PARTICULAR
IZE000;IZF800;CESAR;AGUACHICA;PARTICULAR
IZH000;IZH660;CAUCA;PUERTO TEJAD;PARTICULAR
IZJ000;IZJ500;CESAR;VALLEDUPAR;PARTICULAR
JAA000;JAI850;BOYACA;TUNJA;PARTICULAR
JAJ000;JAJ999;BOYACA;TUNJA;PARTICULAR
JAT000;JAZ999;VALLE;JAMUNDI;PARTICULAR
JFE000;JFG200;BOYACA;GUATEQUE;PARTICULAR
JFG201;JFG600;META;VILLAVICENCI;PARTICULAR
JGA000;JGC500;BOYACA;SOGAMOSO;PARTICULAR
JGC501;JGE500;BOGOTAD.E.;BOGOTA D.E.;PARTICULAR
JGJ000;JGJ999;BOYACA;SOGAMOSO;PARTICULAR
JHA000;JHA400;BOYACA;PUERTO BOYAC;PARTICULAR
JHJ001;JHJ999;BOYACA;PUERTO BOYAC;PARTICULAR
JIA000;JID700;BOYACA;DUITAMA;PARTICULAR
JIJ001;JIJ999;BOYACA;DUITAMA;PARTICULAR
JJA000;JJG986;BOYACA;CHIQUINQUIRA;PARTICULAR
JJJ001;JJJ999;BOYACA;CHIQUINQUIRA;PARTICULAR
JKA000;JKJ999;TOLIMA;IBAGUE;PARTICULAR
JLA000;JLC000;TOLIMA;IBAGUE;PARTICULAR
JLJ001;JLJ999;TOLIMA;IBAGUE;PARTICULAR
JOA000;JOB300;TOLIMA;GUAYABAL;PARTICULAR
JOJ001;JOJ999;TOLIMA;GUAYABAL;PARTICULAR
JPA000;JPC200;TOLIMA;ESPINAL;PARTICULAR
JPJ001;JPJ999;TOLIMA;ESPINAL;PARTICULAR
JQD000;JQD700;NORTESANTAN;CUCUTA;PARTICULAR
JQJ001;JQJ100;CUNDINAMARCA;CHOCONTA;PARTICULAR
JQJ101;JQJ500;CUNDINAMARCA;FUSAGASUGA;PARTICULAR
JQJ501;JQJ600;CUNDINAMARCA;CHOCONTA;PARTICULAR
JRA000;JRA100;TOLIMA;CHAPARRAL;PARTICULAR
JRE000;JRG500;TOLIMA;GUAMO;PARTICULAR
JRG501;JRG700;TOLIMA;LERIDA;PARTICULAR
JRJ001;JRJ999;TOLIMA;CHAPARRAL;PARTICULAR
JSA000;JSB600;TOLIMA;HONDA;PARTICULAR
JSE000;JSF100;TOLIMA;LIBANO;PARTICULAR
JSJ001;JSJ999;TOLIMA;HONDA;PARTICULAR
JTA000;JTB400;TOLIMA;MELGAR;PARTICULAR
JTB401;JTB600;TOLIMA;ESPINAL;PARTICULAR
JTE000;JTF100;TOLIMA;PURIFICACION;PARTICULAR
JTJ000;JTJ999;TOLIMA;MELGAR;PARTICULAR
JUB000;JUB800;TOLIMA;FRESNO;PARTICULAR
JUD000;JUI999;VALLE;CALI;PARTICULAR
JUJ001;JUJ800;TOLIMA;MARIQUITA;PARTICULAR
JVA001;JVJ999;HUILA;NEIVA;PARTICULAR
JWA000;JWA500;HUILA;NEIVA;PARTICULAR
JWC000;JWI999;VALLE;YUMBO;PARTICULAR
JWJ000;JWJ999;HUILA;NEIVA;PARTICULAR
JWK000;JWN999;VALLE;YUMBO;PARTICULAR
JZA000;JZA300;HUILA;GARZON;PARTICULAR
JZE000;JZF000;HUILA;PITALITO;PARTICULAR
JZJ001;JZJ999;HUILA;GARZON;PARTICULAR
KAA000;KAJ999;ANTIOQUIA;MEDELLIN;PARTICULAR
KBA000;KBJ999;ANTIOQUIA;MEDELLIN;PARTICULAR
KCA000;KCJ999;ANTIOQUIA;MEDELLIN;PARTICULAR
KDA000;KDJ999;ANTIOQUIA;MEDELLIN;PARTICULAR
KEA000;KEJ999;ANTIOQUIA;MEDELLIN;PARTICULAR
KFA000;KFJ999;ANTIOQUIA;MEDELLIN;PARTICULAR
KGJ000;KGJ101;ANTIOQUIA;MEDELLIN;PARTICULAR
KGJ501;KGJ999;CUNDINAMARCA;MINISTERIO T;PARTICULAR
KGK000;KGK100;CAUCA;MIRANDA;PARTICULAR
KUK000;KUN999;VALLE;GUACARI;PARTICULAR
LAA000;LCH999;ANTIOQUIA;BELLO;PARTICULAR
LDA000;LDJ999;ANTIOQUIA;MEDELLIN;PARTICULAR
LDK000;LDU999;CESAR;VALLEDUPAR;PARTICULAR
LDV000;LDZ999;ANTIOQUIA;LA ESTRELLA;PARTICULAR
LEA000;LEJ999;ANTIOQUIA;MEDELLIN;PARTICULAR
LET000;LET499;AMAZONAS;LETICIA;PARTICULAR
LFA000;LFD999;ANTIOQUIA;BELLO;PARTICULAR
LFE000;LFE700;ANTIOQUIA;BOLIVAR;PARTICULAR
LFJ001;LFJ999;ANTIOQUIA;BELLO;PARTICULAR
LGC000;LGD400;ANTIOQUIA;RIONEGRO;PARTICULAR
LGG000;LGG200;ANTIOQUIA;TURBO;PARTICULAR
LGG201;LGG900;ANTIOQUIA;BELLO;PARTICULAR
LGG901;LGH100;ANTIOQUIA;TURBO;PARTICULAR
LGH101;LGI999;ANTIOQUIA;TURBO;PARTICULAR
LGJ001;LGJ200;ANTIOQUIA;PUERTO BERRI;PARTICULAR
LGJ201;LGJ800;ANTIOQUIA;BELLO;PARTICULAR
LHA000;LHA200;ANTIOQUIA;YARUMAL;PARTICULAR
LHA501;LHA999;CUNDINAMARCA;MINISTERIO T;PARTICULAR
LHG000;LHI999;ANTIOQUIA;MEDELLIN;PARTICULAR
LHJ001;LHJ999;ANTIOQUIA;YARUMAL;PARTICULAR
LIA000;LID000;ANTIOQUIA;MEDELLIN;PARTICULAR
LIJ000;LIJ999;ANTIOQUIA;MEDELLIN;PARTICULAR
LIN000;LIO499;TOLIMA;LIBANO;PARTICULAR
LIW000;LIW499;CUNDINAMARCA;MINISTERIO T;PARTICULAR
LKA000;LKJ999;ANTIOQUIA;ITAGUI;PARTICULAR
LLA000;LLJ999;ANTIOQUIA;ITAGUI;PARTICULAR
LMA000;LMA000;ANTIOQUIA;ITAGUI;PARTICULAR
LMA001;LMD999;ANTIOQUIA;ITAGUI;PARTICULAR
LME000;LMI999;BOGOTAD.E.;BOGOTA D.E.;PARTICULAR
LMJ000;LMJ999;ANTIOQUIA;ITAGUI;PARTICULAR
LNA000;LNA251;ANTIOQUIA;BELLO;PARTICULAR
LNA252;LNB150;ANTIOQUIA;ITAGUI;PARTICULAR
LNJ001;LNJ999;ANTIOQUIA;BELLO;PARTICULAR
LOK000;LOK999;CORDOBA;LORICA;PARTICULAR
LOL000;LOL999;CORDOBA;SAHAGUN;PARTICULAR
LSK000;LSL999;SANTANDER;BARBOSA;PARTICULAR
LTA000;LTC999;CUNDINAMARCA;VILLETA;PARTICULAR
LUA000;LUF999;VALLE;TULUA;PARTICULAR
LVA000;LVJ999;META;VILLAVICENCI;PARTICULAR
LVK000;LVK999;ANTIOQUIA;BOLIVAR;PARTICULAR
LVL000;LVN999;META;VILLAVICENCI;PARTICULAR
LVO000;LVU999;ANTIOQUIA;BOLIVAR;PARTICULAR
LWA000;LWJ999;ANTIOQUIA;ENVIGADO;PARTICULAR
LXA000;LXJ999;ANTIOQUIA;ENVIGADO;PARTICULAR
LYA000;LYF300;ANTIOQUIA;ENVIGADO;PARTICULAR
LYF301;LYH300;BOGOTAD.E.;BOGOTA D.E.;PARTICULAR
LYH301;LYI000;ANTIOQUIA;ENVIGADO;PARTICULAR
LYJ000;LYJ999;ANTIOQUIA;ENVIGADO;PARTICULAR
LZE000;LZE625;ANTIOQUIA;ANDES;PARTICULAR
MAA000;MAJ999;VALLE;CALI;PARTICULAR
MAK000;MAT999;CALDAS;MANIZALES;PARTICULAR
MAV000;MAV499;CALDAS;MANZANARES;PARTICULAR
MBA000;MBJ999;VALLE;CALI;PARTICULAR
MCA000;MCJ999;VALLE;CALI;PARTICULAR
MCK000;MCK499;PUTUMAYO;MOCOA;PARTICULAR
MDA000;MDF500;VALLE;CALI;PARTICULAR
MDJ000;MDJ999;VALLE;CALI;PARTICULAR
MDK000;MEJ999;ANTIOQUIA;MEDELLIN;PARTICULAR
MEK000;MEK999;TOLIMA;MELGAR;PARTICULAR
MEL000;MFR000;ANTIOQUIA;MEDELLIN;PARTICULAR
MGA000;MGA499;SANTANDER;MALAGA;PARTICULAR
MGA500;MGT999;SANTANDER;MALAGA;PARTICULAR
MGU000;MGU499;BOLIVAR;MAGANGUE;PARTICULAR
MLA000;MNH999;ANTIOQUIA;MEDELLIN;PARTICULAR
MOA000;MOA499;BOYACA;MONIQUIRA;PARTICULAR
MOA500;MOI999;BOYACA;MONIQUIRA;PARTICULAR
MOJ000;MOJ999;BOLIVAR;MOMPOX;PARTICULAR
MQA000;MRO999;CUNDINAMARCA;MOSQUERA;PARTICULAR
MRQ000;MRQ999;TOLIMA;MARIQUITA;PARTICULAR
MRS000;MRW999;TOLIMA;MELGAR;PARTICULAR
MTA000;MTL999;CORDOBA;MONTERIA;PARTICULAR
MZA000;MZO999;CALDAS;MANIZALES;PARTICULAR
MZP000;MZZ999;CALDAS;VILLAMARIA;PARTICULAR
NAA000;NAZ999;CALDAS;MANIZALES;PARTICULAR
NBA000;NBJ999;VALLE;CALI;PARTICULAR
NCA000;NCJ999;VALLE;CALI;PARTICULAR
NDA000;NDA999;CAUCA;PUERTO TEJAD;PARTICULAR
NDB000;NDC750;VALLE;ZARZAL;PARTICULAR
NDJ001;NDJ999;CAUCA;PUERTO TEJAD;PARTICULAR
NEA000;NEJ999;VALLE;CALI;PARTICULAR
NFA000;NFJ999;VALLE;PALMIRA;PARTICULAR
NGA000;NGC500;VALLE;PALMIRA;PARTICULAR
NGJ000;NGJ999;VALLE;PALMIRA;PARTICULAR
NKK000;NKQ499;VALLE;BUGA;PARTICULAR
NLA000;NLA999;VALLE;ROLDANILLO;PARTICULAR
NLJ001;NLJ999;VALLE;ROLDANILLO;PARTICULAR
NMA000;NMD400;VALLE;CARTAGO;PARTICULAR
NMD401;NME000;VALLE;CALI;PARTICULAR
NME001;NMF100;VALLE;CARTAGO;PARTICULAR
NMF101;NMF599;CUNDINAMARCA;MINISTERIO T;PARTICULAR
NMJ001;NMJ999;VALLE;CARTAGO;PARTICULAR
NNE000;NNF433;VALLE;BUENAVENTURA;PARTICULAR
NOA000;NOB500;VALLE;SEVILLA;PARTICULAR
NOB501;NOC500;VALLE;CALI;PARTICULAR
NOJ001;NOJ999;VALLE;SEVILLA;PARTICULAR
NOT000;NOV999;BOYACA;NOBSA;PARTICULAR
NPA000;NPE500;VALLE;TULUA;PARTICULAR
NPJ001;NPJ999;VALLE;TULUA;PARTICULAR
NRA000;NRZ999;CAUCA;S. QUILICHAO;PARTICULAR
NSE000;NSI999;VALLE;BUGA;PARTICULAR
NTA000;NTA000;VALLE;PALMIRA;PARTICULAR
NTJ000;NTJ719;VALLE;BUGA;PARTICULAR
NTJ801;NTJ999;VALLE;PALMIRA;PARTICULAR
NTU000;NTV499;VALLE;BUENAVENTURA;PARTICULAR
NVA000;NVJ999;NARINO;PASTO;PARTICULAR
NVK000;NVV999;HUILA;NEIVA;PARTICULAR
NWA000;NWB360;NARINO;PASTO;PARTICULAR
NWJ000;NWJ999;NARINO;PASTO;PARTICULAR
OAA000;OAJ999;BOGOTAD.E.;BOGOTA D.E.;OFICIAL
OAK000;OAO999;NARINO;PASTO;OFICIAL
OAP000;OAP999;CUNDINAMARCA;MINISTERIO T;OFICIAL
OAQ000;OAV999;NARIÑO;INUES;OFICIAL
OAW000;OAW999;CASANARE;YOPAL;OFICIAL
OAX000;OAZ999;ANTIOQUIA;LA CEJA;OFICIAL
OBA000;OBI999;BOGOTAD.E.;BOGOTA D.E.;OFICIAL
OBJ000;OBJ480;BOGOTAD.E.;BOGOTA D.E.;OFICIAL
OBJ481;OBJ999;BOGOTAD.E.;BOGOTA D.E.;OFICIAL
OBK000;OBP999;VALLE;JAMUNDI;OFICIAL
OBQ001;OBQ999;BOLIVAR;TURBACO;OFICIAL
OBR000;OBV999;SUCRE;SINCELEJO;OFICIAL
OBW000;OBZ999;NARINO;SAMANIEGO;OFICIAL
OCA000;OCA099;RISARALDA;DOS QUEBRADA;OFICIAL
OCN000;OCN999;VALLE;CANDELARIA;OFICIAL
OCO000;OCT999;NARIÑO;BUESACO;OFICIAL
OCU000;OCU999;BOYACA;CHIQUINQUIRA;OFICIAL
OCV000;OCW999;BOLIVAR;SAN JUANNEP;OFICIAL
OCX000;OCZ999;NARINO;TUMACO;OFICIAL
ODA000;ODA999;CAUCA;S. QUILICHAO;OFICIAL
ODK000;ODL999;VALLE;LA UNION;OFICIAL
ODM000;ODM999;NARIÑO;GUACHUCAL;OFICIAL
ODN000;ODP999;NARINO;SANDONA;OFICIAL
ODV000;ODX999;MAGDALENA;CIENAGA;OFICIAL
ODY000;ODY999;VALLE;ANDALUCIA;PUBLICO
ODZ000;ODZ999;NARIÑO;PUPIALES;OFICIAL
OEA000;OEB999;TOLIMA;ESPINAL;OFICIAL
OEK000;OEN999;VALLE;EL CERRITO;OFICIAL
OEO000;OEP999;BOYACA;COMBITA;OFICIAL
OEQ000;OER999;BOLIVAR;CLEMENCIA;OFICIAL
OEV000;OEV999;BOYACA;NOBSA;OFICIAL
OEW000;OEX999;TOLIMA;LIBANO;OFICIAL
OEY000;OEZ999;RISARALDA;DOS QUEBRADA;OFICIAL
OFA000;OFA999;CUNDINAMARCA;FUSAGASUGA;OFICIAL
OFJ001;OFJ199;CUNDINAMARCA;MOSQUERA;OFICIAL
OFJ200;OFJ249;CUNDINAMARCA;UBATE;OFICIAL
OFJ250;OFJ299;CUNDINAMARCA;UBATE;OFICIAL
OFJ400;OFJ609;CASANARE;YOPAL;OFICIAL
OFJ610;OFJ999;CASANARE;YOPAL;OFICIAL
OFK001;OFK999;CUNDINAMARCA;MOSQUERA;OFICIAL
OFL000;OFL999;VALLE;FLORIDA;OFICIAL
OFM000;OFR999;CUNDINAMARCA;MOSQUERA;OFICIAL
OFS000;OFS999;SANTANDER;FLORIDABLANC;OFICIAL
OFT000;OFT999;CUNDINAMARCA;UBATE;OFICIAL
OFU000;OFU999;CUNDINAMARCA;PACHO;OFICIAL
OFV000;OFY999;CUNDINAMARCA;RICAURTE;OFICIAL
OFZ000;OFZ999;CUNDINAMARCA;UBATE;OFICIAL
OGA001;OGA050;VALLE;CAICEDONIA;OFICIAL
OGA051;OGA100;VALLE;CAICEDONIA;OFICIAL
OGA201;OGA300;BOYACA;SOGAMOSO;OFICIAL
OGA301;OGA400;CUNDINAMARCA;MOSQUERA;OFICIAL
OGA401;OGB500;VALLE;CALI;OFICIAL
OGB501;OGB525;BOYACA;MONIQUIRA;OFICIAL
OGB601;OGB650;ANTIOQUIA;CAUCASIA;OFICIAL
OGF000;OGF029;BOYACA;SOATA;OFICIAL
OGF030;OGF079;BOYACA;SOATA;OFICIAL
OGF080;OGG525;BOYACA;SOATA;OFICIAL
OGG526;OGG575;BOYACA;MONIQUIRA;OFICIAL
OGJ001;OGJ020;NARINO;IPIALES;OFICIAL
OGJ021;OGJ999;NARINO;IPIALES;OFICIAL
OGK000;OGK999;VALLE;GUACARI;OFICIAL
OGL000;OGP999;TOLIMA;ALVARADO;OFICIAL
OGQ000;OGQ999;BOLIVAR;ARJONA;OFICIAL
OGR000;OGV999;TOLIMA;ROVIRA;OFICIAL
OGW000;OGW999;SANTANDER;GIRON;OFICIAL
OGX000;OGZ999;SUCRE;SAMPUES;OFICIAL
OHK000;OHL999;CUNDINAMARCA;LA CALERA;OFICIAL
OHM000;OHM999;CUNDINAMARCA;LA CALERA;OFICIAL
OIA000;OIA070;CUNDINAMARCA;CAQUEZA;OFICIAL
OIA071;OIA999;CUNDINAMARCA;CAQUEZA;OFICIAL
OIB000;OIB220;CUNDINAMARCA;FACATATIVA;OFICIAL
OIB221;OIB999;CUNDINAMARCA;FACATATIVA;OFICIAL
OIC000;OIC999;CUNDINAMARCA;FACATATIVA;OFICIAL
OIE000;OIE069;CUNDINAMARCA;FUSAGASUGA;OFICIAL
OIE070;OIF999;CUNDINAMARCA;FUSAGASUGA;OFICIAL
OIG000;OIG119;CUNDINAMARCA;GIRARDOT;OFICIAL
OIG120;OIG219;CUNDINAMARCA;GIRARDOT;OFICIAL
OIG220;OIG319;CUNDINAMARCA;CHIA;OFICIAL
OIG320;OII999;BOYACA;MONIQUIRA;OFICIAL
OIJ001;OIJ050;CUNDINAMARCA;VILLETA;OFICIAL
OIJ051;OIJ100;CUNDINAMARCA;VILLETA;OFICIAL
OIK000;OIK999;CUNDINAMARCA;VILLETA;OFICIAL
OIL000;OIL999;CUNDINAMARCA;CHIA;OFICIAL
OIM000;OIN999;INT DEL CAQU;EL PAUJIL;OFICIAL
OIO000;OIP999;CAQUETA;BELEN ANDAQU;OFICIAL
OIQ000;OIQ999;ANTIOQUIA;URRAO;OFICIAL
OIR000;OIS999;CESAR;ROBLES (LA P;OFICIAL
OIT000;OIU999;CESAR;BOSCONIA;OFICIAL
OIV000;OIW999;CUNDINAMARCA;CHIA;OFICIAL
OIX000;OIZ999;META;ACACIAS;OFICIAL
OJE000;OJF300;CUNDINAMARCA;ZIPAQUIRA;OFICIAL
OJF301;OJG600;CUNDINAMARCA;ZIPAQUIRA;OFICIAL
OJG601;OJI999;CUNDINAMARCA;ZIPAQUIRA;OFICIAL
OJJ001;OJJ650;CUNDINAMARCA;SOACHA;OFICIAL
OJJ651;OJK999;CUNDINAMARCA;SOACHA;OFICIAL
OJL000;OJL999;CUNDINAMARCA;ZIPAQUIRA;OFICIAL
OJQ000;OJS999;META;GRANADA;OFICIAL
OJT000;OJV999;META;RESTREPO;OFICIAL
OKA000;OKA249;ANTIOQUIA;BELLO;OFICIAL
OKA270;OKA999;ANTIOQUIA;BELLO;OFICIAL
OKB000;OKB999;TOLIMA;HONDA;OFICIAL
OKC000;OKC129;ANTIOQUIA;BOLIVAR;OFICIAL
OKC130;OKC299;ANTIOQUIA;BOLIVAR;OFICIAL
OKC300;OKC999;ANTIOQUIA;LA ESTRELLA;OFICIAL
OKD000;OKD149;ANTIOQUIA;ENVIGADO;OFICIAL
OKD150;OKD299;ANTIOQUIA;ENVIGADO;OFICIAL
OKE000;OKE270;ANTIOQUIA;ITAGUI;OFICIAL
OKE271;OKE999;ANTIOQUIA;ITAGUI;OFICIAL
OKJ001;OKJ025;ANTIOQUIA;ANDES;OFICIAL
OKJ026;OKJ075;ANTIOQUIA;ANDES;OFICIAL
OKJ500;OKJ524;ANTIOQUIA;APARTADO;OFICIAL
OKJ525;OKJ579;ANTIOQUIA;APARTADO;OFICIAL
OKJ700;OKJ730;ANTIOQUIA;TURBO;OFICIAL
OKJ731;OKJ780;ANTIOQUIA;TURBO;OFICIAL
OKJ800;OKJ849;ANTIOQUIA;PUERTO BERRI;OFICIAL
OKJ850;OKJ899;ANTIOQUIA;PUERTO BERRI;OFICIAL
OKJ900;OKJ959;ANTIOQUIA;RIONEGRO;OFICIAL
OKK000;OKK099;ANTIOQUIA;YARUMAL;OFICIAL
OKL000;OKM999;ANTIOQUIA;ENVIGADO;OFICIAL
OKN000;OKN999;CORDOBA;PLANETA RICA;OFICIAL
OKO000;OKT999;ANTIOQUIA;BELLO;OFICIAL
OKU000;OKW999;ANTIOQUIA;SABANETA;OFICIAL
OKX300;OKX999;QUINDIO;CIRCASIA;OFICIAL
OKY000;OKY100;CAUCA;MIRANDA;OFICIAL
OLA000;OLD550;ANTIOQUIA;MEDELLIN;OFICIAL
OLD551;OLI050;ANTIOQUIA;MEDELLIN;OFICIAL
OLJ001;OLJ999;ANTIOQUIA;MEDELLIN;OFICIAL
OLK000;OLK999;BOYACA;PAIPA;OFICIAL
OLX000;OLZ999;MAGDALENA;ARACATACA;OFICIAL
OMA000;OMA999;ANTIOQUIA;STA ROSAD O;OFICIAL
OME000;OMG699;ANTIOQUIA;MEDELLIN;OFICIAL
OMG700;OMH699;ANTIOQUIA;MEDELLIN;OFICIAL
OMK000;OML999;ANTIOQUIA;MEDELLIN;OFICIAL
OMM000;OMM999;BOYACA;MIRAFLORES;OFICIAL
OMT000;OMY999;NARINO;TUQUERRES;OFICIAL
OMZ000;OMZ999;ANTIOQUIA;SABANETA;OFICIAL
ONA000;ONC999;VALLE;CALI;OFICIAL
OND000;OND999;SANTANDER;FLORIDABLANC;OFICIAL
ONE000;ONG430;VALLE;CALI;OFICIAL
ONG431;ONI999;VALLE;CALI;OFICIAL
ONJ000;ONJ999;QUINDIO;ARMENIA;OFICIAL
ONK000;ONL430;VALLE;CALI;OFICIAL
OOA000;OOA999;VALLE;CALI;OFICIAL
OOB000;OOB999;VALLE;BUGA;OFICIAL
OOC000;OOC999;VALLE;BUGA;OFICIAL
OOD000;OOD199;VALLE;CARTAGO;OFICIAL
OOD200;OOD219;VALLE;CARTAGO;OFICIAL
OOE000;OOF999;VALLE;PALMIRA;OFICIAL
OOG000;OOG049;VALLE;ROLDANILLO;OFICIAL
OOG050;OOG099;VALLE;ROLDANILLO;OFICIAL
OOH000;OOH149;VALLE;SEVILLA;OFICIAL
OOH150;OOH299;VALLE;SEVILLA;OFICIAL
OOI000;OOI100;VALLE;TULUA;OFICIAL
OOI101;OOI999;VALLE;TULUA;OFICIAL
OOJ001;OOJ400;VALLE;BUENAVENTURA;OFICIAL
OOJ401;OOJ800;VALLE;BUENAVENTURA;OFICIAL
OOJ801;OOJ999;VALLE;CALI;OFICIAL
OOK000;OOL499;VALLE;PALMIRA;OFICIAL
OOM000;OOM999;BOLIVAR;CARTAGENA;OFICIAL
OOQ000;OOQ999;CHOCO;QUIBDO;OFICIAL
OPA000;OPJ999;CUNDINAMARCA;MINISTERIO T;OFICIAL
OPK000;OPM999;ATLANTICO;MALAMBO;OFICIAL
OPN000;OPO999;ATLANTICO;GALAPA;OFICIAL
OPP000;OPP999;HUILA;LA PLATA;OFICIAL
OPQ000;OPR999;VALLE;LA UNION;OFICIAL
OPS000;OPU999;ATLANTICO;PUERTO COLOM;OFICIAL
OQC001;OQC030;SANTANDER;S VICEN CHUC;OFICIAL
OQC031;OQC080;SANTANDER;S VICEN CHUC;OFICIAL
OQC501;OQC600;QUINDIO;CALARCA;OFICIAL
OQD401;OQD450;TOLIMA;MELGAR;OFICIAL
OQD451;OQD800;HUILA;TARQUI;OFICIAL
OQD801;OQD825;CHOCO;QUIBDO;OFICIAL
OQD826;OQD999;CUNDINAMARCA;CHOCONTA;OFICIAL
OQE000;OQE299;CORDOBA;MONTERIA;OFICIAL
OQE300;OQE599;CAUCA;POPAYAN;OFICIAL
OQE600;OQE999;MAGDALENA;SANTA MARTA;OFICIAL
OQF000;OQF299;BOYACA;TUNJA;OFICIAL
OQF300;OQF999;META;VILLAVICENCI;OFICIAL
OQJ001;OQJ050;VALLE;ZARZAL;OFICIAL
OQJ051;OQJ400;VALLE;ZARZAL;OFICIAL
OQN000;OQN999;ATLANTICO;BARRANQUILLA;OFICIAL
OQO000;OQO999;CUNDINAMARCA;CHOCONTA;OFICIAL
OQS000;OQS999;SANTANDER;S VICEN CHUC;OFICIAL
OQT000;OQT999;TOLIMA;MELGAR;OFICIAL
ORA000;ORA320;ATLANTICO;BARRANQUILLA;OFICIAL
ORA321;ORB620;ATLANTICO;BARRANQUILLA;OFICIAL
ORJ001;ORJ999;ATLANTICO;BARRANQUILLA;OFICIAL
ORK000;ORM999;CHOCO;ISTMINA;OFICIAL
ORO000;ORP999;CAUCA;TIMBIO;OFICIAL
OSA000;OSA121;SANTANDER;BUCARAMANGA;OFICIAL
OSA122;OSB321;SANTANDER;BUCARAMANGA;OFICIAL
OSD000;OSD149;SANTANDER;BARBOSA;OFICIAL
OSD150;OSD299;SANTANDER;BARBOSA;OFICIAL
OSD500;OSE299;ATLANTICO;BARRANQUILLA;OFICIAL
OSE300;OSE450;SANTANDER;SAN GIL;OFICIAL
OSE451;OSE600;SANTANDER;SAN GIL;OFICIAL
OSE601;OSE999;CASANARE;YOPAL;OFICIAL
OSF000;OSF110;SANTANDER;SOCORRO;OFICIAL
OSF111;OSF210;SANTANDER;SOCORRO;OFICIAL
OSF500;OSF690;SANTANDER;MALAGA;OFICIAL
OSF691;OSF890;SANTANDER;MALAGA;OFICIAL
OSF891;OSF999;SANTANDER;MALAGA;OFICIAL
OSG000;OSG550;META;VILLAVICENCI;OFICIAL
OSG571;OSH070;META;VILLAVICENCI;OFICIAL
OSJ001;OSJ999;SANTANDER;BUCARAMANGA;OFICIAL
OSK000;OSL999;SANTANDER;BARRANCABERM;OFICIAL
OSR000;OSR999;CORDOBA;CHINU;OFICIAL
OSS000;OSS999;CORDOBA;CERETE;OFICIAL
OSU000;OSY999;SANTANDER;PIEDECUESTA;OFICIAL
OTA000;OTA290;NARINO;PASTO;OFICIAL
OTA291;OTB590;NARINO;PASTO;OFICIAL
OTC000;OTC045;QUINDIO;ARMENIA;OFICIAL
OTC046;OTC095;TOLIMA;GUAYABAL;OFICIAL
OTC100;OTC130;TOLIMA;ESPINAL;OFICIAL
OTC131;OTC199;TOLIMA;ESPINAL;OFICIAL
OTC200;OTC250;TOLIMA;HONDA;OFICIAL
OTC251;OTC300;TOLIMA;HONDA;OFICIAL
OTC301;OTD520;TOLIMA;IBAGUE;OFICIAL
OTD521;OTD570;TOLIMA;LERIDA;OFICIAL
OTD571;OTE870;TOLIMA;IBAGUE;OFICIAL
OTI300;OTI319;TOLIMA;FRESNO;OFICIAL
OTI320;OTI374;TOLIMA;FRESNO;OFICIAL
OTI400;OTI449;TOLIMA;MARIQUITA;OFICIAL
OTI450;OTI499;TOLIMA;MARIQUITA;OFICIAL
OTI500;OTI525;TOLIMA;GUAMO;OFICIAL
OTI526;OTI580;TOLIMA;GUAMO;OFICIAL
OTI600;OTI649;TOLIMA;CHAPARRAL;OFICIAL
OTI650;OTI699;TOLIMA;CHAPARRAL;OFICIAL
OTI700;OTI719;TOLIMA;LIBANO;OFICIAL
OTI720;OTI769;TOLIMA;LIBANO;OFICIAL
OTI800;OTI899;TOLIMA;MELGAR;OFICIAL
OTI900;OTI925;TOLIMA;PURIFICACION;OFICIAL
OTI926;OTI975;TOLIMA;PURIFICACION;OFICIAL
OTJ001;OTJ999;NARINO;PASTO;OFICIAL
OTK000;OTK124;TOLIMA;GUAYABAL;OFICIAL
OTL000;OTL999;BOYACA;SABOYA;OFICIAL
OTM000;OTM999;SANTANDER;VELEZ;OFICIAL
OTS000;OTU999;MAGDALENA;PLATO;OFICIAL
OTV000;OTZ999;CAUCA;POPAYAN;OFICIAL
OUB000;OUB850;CALDAS;MANIZALES;OFICIAL
OUB851;OUC550;CALDAS;MANIZALES;OFICIAL
OUC551;OUC569;CALDAS;CHINCHINA;OFICIAL
OUC570;OUC669;CALDAS;CHINCHINA;OFICIAL
OUC750;OUC799;CALDAS;ANSERMA;OFICIAL
OUD000;OUD099;CALDAS;LA DORADA;OFICIAL
OUD100;OUD199;CALDAS;LA DORADA;OFICIAL
OUD800;OUD859;CALDAS;MANZANARES;OFICIAL
OUD860;OUD909;CALDAS;MANZANARES;OFICIAL
OUE000;OUE040;CALDAS;RIOSUCIO;OFICIAL
OUE041;OUE090;CALDAS;RIOSUCIO;OFICIAL
OUE500;OUE520;CALDAS;AGUADAS;OFICIAL
OUE521;OUE570;CALDAS;AGUADAS;OFICIAL
OUE700;OUE800;CALDAS;SALAMINA;OFICIAL
OUE801;OUE900;CALDAS;SALAMINA;OFICIAL
OUF000;OUG400;BOLIVAR;CARTAGENA;OFICIAL
OUG401;OUH800;BOLIVAR;CARTAGENA;OFICIAL
OUJ001;OUJ669;CALDAS;MANIZALES;OFICIAL
OUJ670;OUK369;CALDAS;MANIZALES;OFICIAL
OUL000;OUR999;BOLIVAR;TURBACO;OFICIAL
OVA500;OVA529;BOLIVAR;MOMPOX;OFICIAL
OVA530;OVA679;BOLIVAR;MOMPOX;OFICIAL
OVB000;OVB100;ANTIOQUIA;BOLIVAR;OFICIAL
OVB101;OVB200;BOLIVAR;CARMEN DEBO;OFICIAL
OVC528;OVC550;CALDAS;MANIZALES;OFICIAL
OVD000;OVD900;RISARALDA;PEREIRA;OFICIAL
OVD901;OVE900;RISARALDA;PEREIRA;OFICIAL
OVH000;OVH230;RISARALDA;LA VIRGINIA;OFICIAL
OVH231;OVH430;RISARALDA;LA VIRGINIA;OFICIAL
OVI000;OVI230;RISARALDA;ST ROSA DCA;OFICIAL
OVI231;OVI480;RISARALDA;ST ROSA DCA;OFICIAL
OVJ001;OVJ070;BOLIVAR;MAGANGUE;OFICIAL
OVJ071;OVJ170;BOLIVAR;MAGANGUE;OFICIAL
OVK000;OVK999;NORTESANTAN;PAMPLONA;OFICIAL
OVM000;OVQ999;CALDAS;VILLAMARIA;OFICIAL
OVR000;OVU999;CAUCA;S. QUILICHAO;OFICIAL
OVV000;OVZ999;CAUCA;PATIA(ELBOR;OFICIAL
OWB900;OWB924;CUNDINAMARCA;LA CALERA;OFICIAL
OWB925;OWC025;CUNDINAMARCA;LA CALERA;OFICIAL
OWC026;OWE000;QUINDIO;ARMENIA;OFICIAL
OWE300;OWE399;QUINDIO;CALARCA;OFICIAL
OWE400;OWE499;QUINDIO;QUIMBAYA;OFICIAL
OWE500;OWE599;QUINDIO;QUIMBAYA;OFICIAL
OWE600;OWF499;NORTESANTAN;CUCUTA;OFICIAL
OWF500;OWF569;NORTESANTAN;CONVENCION;OFICIAL
OWF570;OWF669;NORTESANTAN;CONVENCION;OFICIAL
OWG000;OWG129;NORTESANTAN;OCANA;OFICIAL
OWG130;OWG279;NORTESANTAN;OCANA;OFICIAL
OWG500;OWG589;NORTESANTAN;PAMPLONA;OFICIAL
OWG590;OWG689;NORTESANTAN;PAMPLONA;OFICIAL
OWG690;OWG999;NORTESANTAN;PAMPLONA;OFICIAL
OWH000;OWI220;HUILA;NEIVA;OFICIAL
OWI221;OWI999;HUILA;NEIVA;OFICIAL
OWJ001;OWJ520;MAGDALENA;SANTA MARTA;OFICIAL
OWJ521;OWJ999;MAGDALENA;SANTA MARTA;OFICIAL
OWK000;OWK420;HUILA;NEIVA;OFICIAL
OWK421;OWK441;MAGDALENA;SANTA MARTA;OFICIAL
OWN000;OWN379;NORTESANTAN;CUCUTA;OFICIAL
OWR000;OWS999;QUINDIO;ARMENIA;OFICIAL
OWT000;OWW999;CAUCA;MIRANDA;OFICIAL
OXB000;OXB089;HUILA;GARZON;OFICIAL
OXB090;OXB189;HUILA;GARZON;OFICIAL
OXB300;OXB369;HUILA;PITALITO;OFICIAL
OXB370;OXB469;HUILA;PITALITO;OFICIAL
OXB500;OXC460;CESAR;VALLEDUPAR;OFICIAL
OXC461;OXC860;CESAR;VALLEDUPAR;OFICIAL
OXC900;OXC930;CESAR;AGUACHICA;OFICIAL
OXC931;OXC980;CESAR;AGUACHICA;OFICIAL
OXD000;OXD050;BOYACA;CHIQUINQUIRA;OFICIAL
OXD051;OXD100;BOYACA;CHIQUINQUIRA;OFICIAL
OXD101;OXD160;BOYACA;DUITAMA;OFICIAL
OXD161;OXD210;BOYACA;DUITAMA;OFICIAL
OXD211;OXD225;BOYACA;GUATEQUE;OFICIAL
OXD226;OXD275;BOYACA;GUATEQUE;OFICIAL
OXD276;OXD299;BOYACA;GUATEQUE;OFICIAL
OXD300;OXD330;BOYACA;PUERTO BOYAC;OFICIAL
OXD331;OXD380;BOYACA;PUERTO BOYAC;OFICIAL
OXD400;OXD499;BOYACA;SOGAMOSO;OFICIAL
OXD500;OXD999;BOYACA;TUNJA;OFICIAL
OXE000;OXJ999;BOYACA;GUATEQUE;OFICIAL
OXK000;OXL999;BOYACA;DUITAMA;OFICIAL
OXM000;OXM999;ANTIOQUIA;FRONTINO;OFICIAL
OXO000;OXQ999;NORTESANTAN;VILLA ROSARI;OFICIAL
OXV000;OXV999;CESAR;VALLEDUPAR;OFICIAL
OYA000;OYA450;CAUCA;POPAYAN;OFICIAL
OYD900;OYD979;CAUCA;PUERTO TEJAD;OFICIAL
OYD980;OYE039;CAUCA;PUERTO TEJAD;OFICIAL
OYE040;OYE200;SUCRE;SINCELEJO;OFICIAL
OYE201;OYE408;SUCRE;SINCELEJO;OFICIAL
OYE800;OYE860;SUCRE;COROZAL;OFICIAL
OYE861;OYE960;SUCRE;COROZAL;OFICIAL
OYF000;OYG009;CORDOBA;MONTERIA;OFICIAL
OYG010;OYH009;CORDOBA;MONTERIA;OFICIAL
OYJ001;OYJ550;CAUCA;POPAYAN;OFICIAL
OYJ551;OYJ999;CAUCA;POPAYAN;OFICIAL
OYK000;OYK100;CALDAS;ARANZAZU;OFICIAL
OYL000;OYL049;CORDOBA;LORICA;OFICIAL
OYL100;OYL199;CORDOBA;SAHAGUN;OFICIAL
OYL300;OYL999;VALLE;CALI;OFICIAL
OYR000;OYT999;VALLE;YUMBO;OFICIAL
OYU000;OYU999;CESAR;AGUSTIN CODA;OFICIAL
OYV000;OYV999;CAUCA;PUERTO TEJAD;OFICIAL
OZA000;OZA615;LA GUAJIRA;RIOHACHA;OFICIAL
OZC000;OZC159;CHOCO;QUIBDO;OFICIAL
OZC160;OZC309;CHOCO;QUIBDO;OFICIAL
OZC500;OZC659;INT. DE ARAU;ARAUCA;OFICIAL
OZC660;OZC999;INT. DE ARAU;ARAUCA;OFICIAL
OZD000;OZD290;CAQUETA;FLORENCIA;OFICIAL
OZD300;OZD599;CAQUETA;FLORENCIA;OFICIAL
OZF000;OZF099;AMAZONAS;LETICIA;OFICIAL
OZF100;OZF199;AMAZONAS;LETICIA;OFICIAL
OZG000;OZG139;SN ANDRESY;SAN ANDRES;OFICIAL
OZG140;OZG289;SN ANDRESY;SAN ANDRES;OFICIAL
OZG696;OZG795;META;VILLAVICENCI;OFICIAL
OZH000;OZH049;GUAINIA;PUERTO INIRI;OFICIAL
OZH050;OZH099;GUAINIA;PUERTO INIRI;OFICIAL
OZH500;OZH669;PUTUMAYO;MOCOA;OFICIAL
OZH670;OZH819;PUTUMAYO;MOCOA;OFICIAL
OZH900;OZH920;PUTUMAYO;PUERTO ASIS;OFICIAL
OZI000;OZI069;VAUPES;S JOSE GUAVI;OFICIAL
OZI070;OZI169;VAUPES;S JOSE GUAVI;OFICIAL
OZI500;OZI620;VICHADA;PUERTO CARRE;OFICIAL
OZI621;OZI720;VICHADA;PUERTO CARRE;OFICIAL
OZI921;OZI970;PUTUMAYO;PUERTO ASIS;OFICIAL
OZJ001;OZJ615;LA GUAJIRA;RIOHACHA;OFICIAL
OZJ616;OZJ999;LA GUAJIRA;RIOHACHA;OFICIAL
OZM000;OZM049;ANTIOQUIA;RIONEGRO;OFICIAL
OZN000;OZP999;HUILA;PALERMO;OFICIAL
OZQ000;OZS999;HUILA;CAMPOALEGRE;OFICIAL
OZT000;OZV999;HUILA;TIMANA;OFICIAL
OZW000;OZY999;HUILA;BARAYA;OFICIAL
PAA000;PAJ999;BOLIVAR;CARTAGENA;PARTICULAR
PAK000;PAK499;PUTUMAYO;PUERTO ASIS;PARTICULAR
PBA000;PBG950;BOLIVAR;CARTAGENA;PARTICULAR
PBJ000;PBJ999;BOLIVAR;CARTAGENA;PARTICULAR
PBK000;PBK999;ANTIOQUIA;PUERTO BERRI;PARTICULAR
PBQ000;PBR499;BOYACA;PUERTO BOYAC;PARTICULAR
PCA000;PCA499;VICHADA;PUERTO CARRE;PARTICULAR
PDK000;PDO999;CORDOBA;PLANETA RICA;PARTICULAR
PEA000;PEU999;RISARALDA;PEREIRA;PARTICULAR
PFA000;PFB999;TOLIMA;PURIFICACION;PARTICULAR
PIB000;PIB500;PUTUMAYO;PUERTO ASIS;PARTICULAR
PID000;PID199;BOYACA;SOATA;PARTICULAR
PIJ001;PIJ300;BOYACA;MONIQUIRA;PARTICULAR
PIK000;PIK499;GUAINIA;PUERTO INIRI;PARTICULAR
PIS000;PIZ999;SANTANDER;PIEDECUESTA;PARTICULAR
PJA000;PJA000;BOLIVAR;MAGANGUE;PARTICULAR
PJE000;PJE800;BOLIVAR;MOMPOX;PARTICULAR
PJH000;PJI000;ANTIOQUIA;BOLIVAR;PARTICULAR
PJJ001;PJJ999;BOLIVAR;MAGANGUE;PARTICULAR
PKA000;PKJ999;MAGDALENA;SANTA MARTA;PARTICULAR
PLJ000;PLJ500;MAGDALENA;SANTA MARTA;PARTICULAR
PLK000;PLW999;VALLE;PALMIRA;PARTICULAR
PMA000;PMB999;NORTESANTAN;PAMPLONA;PARTICULAR
PMK000;PML999;HUILA;LA PLATA;PARTICULAR
PNA000;PNZ999;BOYACA;PAIPA;PARTICULAR
PSA000;PSJ999;CORDOBA;MONTERIA;PARTICULAR
PSK000;PSW999;NARINO;PASTO;PARTICULAR
PTA000;PTA300;CORDOBA;MONTERIA;PARTICULAR
PTJ000;PTJ999;CORDOBA;MONTERIA;PARTICULAR
PTK000;PTM999;CAUCA;PUERTO TEJAD;PARTICULAR
PTT000;PTT999;HUILA;PITALITO;PARTICULAR
PTV000;PTZ999;MAGDALENA;PLATO;PARTICULAR
PVA000;PVG300;SUCRE;SINCELEJO;PARTICULAR
PVJ000;PVJ999;SUCRE;SINCELEJO;PARTICULAR
PXA000;PXB100;SUCRE;COROZAL;PARTICULAR
PXG000;PXH500;CUNDINAMARCA;LA CALERA;PARTICULAR
PXJ001;PXJ999;SUCRE;COROZAL;PARTICULAR
PYB000;PYD400;CAQUETA;FLORENCIA;PARTICULAR
PYG000;PYG500;AMAZONAS;LETICIA;PARTICULAR
PYI000;PYI142;GUAINIA;PUERTO INIRI;PARTICULAR
PYJ001;PYJ750;CHOCO;QUIBDO;PARTICULAR
PYK000;PYM999;CAUCA;POPAYAN;PARTICULAR
PZB000;PZC000;PUTUMAYO;MOCOA;PARTICULAR
PZD000;PZF100;SN ANDRESY;SAN ANDRES;PARTICULAR
PZG000;PZG300;VAUPES;S JOSE GUAVI;PARTICULAR
PZH000;PZH400;VICHADA;PUERTO CARRE;PARTICULAR
PZJ001;PZJ600;INT. DE ARAU;ARAUCA;PARTICULAR
QAA000;QAG500;ANTIOQUIA;BELLO;PARTICULAR
QAJ001;QAJ999;ANTIOQUIA;BELLO;PARTICULAR
QAK000;QDV999;ATLANTICO;BARRANQUILLA;PARTICULAR
QEA000;QEL999;CORDOBA;MONTERIA;PARTICULAR
QEM000;QEX999;CAUCA;POPAYAN;PARTICULAR
QEY000;QFJ999;MAGDALENA;SANTA MARTA;PARTICULAR
QFK000;QFT999;BOYACA;TUNJA;PARTICULAR
QFU000;QGD999;META;VILLAVICENCI;PARTICULAR
QGF000;QGZ999;ATLANTICO;BARRANQUILLA;PARTICULAR
QHV000;QHX999;CUNDINAMARCA;CHIA;PARTICULAR
QNA000;QNA999;NORTESANTAN;OCANA;PARTICULAR
QUA000;QUF999;CHOCO;QUIBDO;PARTICULAR
QUI000;QUI999;CHOCO;QUIBDO;PARTICULAR
QUK000;QUO999;CAUCA;S. QUILICHAO;PARTICULAR
QUP000;QUT999;CAUCA;MIRANDA;PARTICULAR
QUU000;QUZ999;CAUCA;PATIA(ELBOR;PARTICULAR
QVO000;QVS999;NORTESANTAN;OCANA;PARTICULAR
QYA000;QYA499;QUINDIO;QUIMBAYA;PARTICULAR
RAA000;RAJ999;ATLANTICO;BARRANQUILLA;PARTICULAR
RBA000;RBJ999;ATLANTICO;BARRANQUILLA;PARTICULAR
RBK000;RBK999;ANTIOQUIA;TURBO;PARTICULAR
RCA000;RCJ999;ATLANTICO;BARRANQUILLA;PARTICULAR
RDA000;RDJ999;ATLANTICO;BARRANQUILLA;PARTICULAR
REA000;REJ999;ATLANTICO;BARRANQUILLA;PARTICULAR
RFA000;RFD499;VALLE;CALI;PARTICULAR
RFD500;RFD501;ATLANTICO;BARRANQUILLA;PARTICULAR
RFJ000;RFJ500;ATLANTICO;BARRANQUILLA;PARTICULAR
RFJ501;RFJ999;VALLE;CALI;PARTICULAR
RFK000;RFT999;CUNDINAMARCA;RICAURTE;PARTICULAR
RGA000;RGC499;RISARALDA;LA VIRGINIA;PARTICULAR
RHA000;RHD999;LA GUAJIRA;RIOHACHA;PARTICULAR
RIA000;RIB499;ANTIOQUIA;RIONEGRO;PARTICULAR
RIB500;RIG999;ANTIOQUIA;RIONEGRO;PARTICULAR
RIO000;RIS999;LA GUAJIRA;RIOHACHA;PARTICULAR
ROA000;ROC999;VALLE;ROLDANILLO;PARTICULAR
RSA000;RSA499;CALDAS;RIOSUCIO;PARTICULAR
SAA000;SAJ999;BOGOTAD.E.;BOGOTA D.E.;PUBLICO
SAK000;SAO999;TOLIMA;ALVARADO;PUBLICO
SAP000;SAP999;CAUCA;POPAYAN;PUBLICO
SAQ000;SAU999;TOLIMA;ROVIRA;PUBLICO
SAV000;SAV999;NARIÑO;PUPIALES;PUBLICO
SAW000;SAZ999;ANTIOQUIA;SABANETA;PUBLICO
SBA000;SBJ999;BOGOTAD.E.;BOGOTA D.E.;PUBLICO
SBK000;SBM999;ATLANTICO;PUERTO COLOM;PUBLICO
SBN000;SBO999;NARIÑO;INUES;PUBLICO
SBP000;SBS999;ATLANTICO;MALAMBO;PUBLICO
SBV000;SBY999;ATLANTICO;GALAPA;PUBLICO
SBZ000;SBZ999;NARINO;SAMANIEGO;PUBLICO
SCA000;SCJ999;BOGOTAD.E.;BOGOTA D.E.;PUBLICO
SCK000;SCM999;TOLIMA;HONDA;PUBLICO
SCN000;SCQ999;VALLE;LA UNION;PUBLICO
SCR000;SCS999;NARIÑO;BUESACO;PUBLICO
SCT000;SCW999;NARINO;SANDONA;PUBLICO
SCY000;SCZ999;NARINO;TUMACO;PUBLICO
SDA000;SDJ999;BOGOTAD.E.;BOGOTA D.E.;PUBLICO
SDK000;SDP999;NARINO;PASTO;PUBLICO
SDQ000;SDV999;ATLANTICO;SOLEDAD;PUBLICO
SDW000;SDZ999;CAUCA;S. QUILICHAO;PUBLICO
SEA000;SEJ999;BOGOTAD.E.;BOGOTA D.E.;PUBLICO
SEK000;SES999;SUCRE;SINCELEJO;PUBLICO
SET000;SEX999;CAUCA;MIRANDA;PUBLICO
SEY000;SEZ999;NARIÑO;GUACHUCAL;PUBLICO
SFA000;SFE850;BOGOTAD.E.;BOGOTA D.E.;PUBLICO
SFE851;SFI999;BOGOTAD.E.;BOGOTA D.E.;PUBLICO
SFJ000;SFJ999;BOGOTAD.E.;BOGOTA D.E.;PUBLICO
SFK000;SHM999;BOGOTAD.E.;BOGOTA D.E.;PUBLICO
SHN000;SHR999;CAUCA;PATIA(ELBOR;PUBLICO
SHS000;SHZ999;CAUCA;POPAYAN;PUBLICO
SIA000;SIC999;BOGOTAD.E.;BOGOTA D.E.;PUBLICO
SIT000;SIW999;MAGDALENA;CIENAGA;PUBLICO
SIX000;SJJ999;AMAZONAS;LETICIA;PUBLICO
SJK000;SJO999;MAGDALENA;ARACATACA;PUBLICO
SJR000;SJU999;RISARALDA;DOS QUEBRADA;PUBLICO
SJV000;SJZ999;TOLIMA;LIBANO;PUBLICO
SKA000;SKE500;CUNDINAMARCA;ZIPAQUIRA;PUBLICO
SKE501;SKI999;CUNDINAMARCA;ZIPAQUIRA;PUBLICO
SKJ001;SKJ999;CUNDINAMARCA;ZIPAQUIRA;PUBLICO
SKK000;SKK500;CUNDINAMARCA;ZIPAQUIRA;PUBLICO
SKK501;SKN999;CUNDINAMARCA;ZIPAQUIRA;PUBLICO
SKO000;SKQ999;BOYACA;COMBITA;PUBLICO
SKR000;SKU999;ANTIOQUIA;LA CEJA;PUBLICO
SKV000;SKW999;BOYACA;NOBSA;PUBLICO
SKX000;SKZ999;CUNDINAMARCA;ZIPAQUIRA;PUBLICO
SLK000;SLO999;SUCRE;SAMPUES;PUBLICO
SLP000;SLU999;ANTIOQUIA;LA ESTRELLA;PUBLICO
SLV000;SLZ999;TOLIMA;ESPINAL;PUBLICO
SMA000;SMB999;CUNDINAMARCA;FUSAGASUGA;PUBLICO
SMC000;SMC850;CUNDINAMARCA;UBATE;PUBLICO
SNA000;SNB999;CUNDINAMARCA;MOSQUERA;PUBLICO
SNC851;SND850;CUNDINAMARCA;UBATE;PUBLICO
SND851;SND999;CUNDINAMARCA;UBATE;PUBLICO
SNE000;SNI999;CUNDINAMARCA;SOACHA;PUBLICO
SNJ001;SNJ999;CUNDINAMARCA;MOSQUERA;PUBLICO
SNK000;SNZ999;ANTIOQUIA;SABANETA;PUBLICO
SOA000;SOF500;CUNDINAMARCA;SOACHA;PUBLICO
SOJ000;SOJ500;CUNDINAMARCA;SOACHA;PUBLICO
SOJ501;SOJ999;CUNDINAMARCA;SOACHA;PUBLICO
SOK000;SOM999;CUNDINAMARCA;UBATE;PUBLICO
SOT000;SOV999;BOYACA;SOATA;PUBLICO
SPA000;SPB999;ANTIOQUIA;SABANETA;PUBLICO
SQA000;SQB999;CUNDINAMARCA;CHIA;PUBLICO
SQJ001;SQJ650;CUNDINAMARCA;CHIA;PUBLICO
SQJ651;SQJ999;CUNDINAMARCA;CHIA;PUBLICO
SQK000;SQV999;CUNDINAMARCA;CHIA;PUBLICO
SRA000;SRC050;CUNDINAMARCA;FACATATIVA;PUBLICO
SRC051;SRF050;CUNDINAMARCA;FACATATIVA;PUBLICO
SRF051;SRI999;CUNDINAMARCA;FACATATIVA;PUBLICO
SRJ001;SRJ999;CUNDINAMARCA;FACATATIVA;PUBLICO
SRR000;SRW999;SANTANDER;PIEDECUESTA;PUBLICO
SRX000;SRZ999;SANTANDER;GIRON;PUBLICO
SSA000;SSD999;BOLIVAR;CLEMENCIA;PUBLICO
SSE000;SSG200;CUNDINAMARCA;GIRARDOT;PUBLICO
SSG201;SSI200;CUNDINAMARCA;GIRARDOT;PUBLICO
SUA000;SUB600;CUNDINAMARCA;FUSAGASUGA;PUBLICO
SUB601;SUD100;CUNDINAMARCA;FUSAGASUGA;PUBLICO
SUD101;SUI999;SANTANDER;GIRON;PUBLICO
SUJ001;SUJ999;CUNDINAMARCA;FUSAGASUGA;PUBLICO
SUK000;SUR999;CUNDINAMARCA;FUSAGASUGA;PUBLICO
SVA000;SVA300;CUNDINAMARCA;CAQUEZA;PUBLICO
SVA301;SVB600;CUNDINAMARCA;CAQUEZA;PUBLICO
SVE000;SVE570;CUNDINAMARCA;VILLETA;PUBLICO
SVE571;SVL999;CUNDINAMARCA;VILLETA;PUBLICO
SVT000;SVW999;MAGDALENA;PLATO;PUBLICO
SVX000;SVZ999;HUILA;TARQUI;PUBLICO
SWA000;SWD700;META;VILLAVICENCI;PUBLICO
SWD701;SWI700;META;VILLAVICENCI;PUBLICO
SWJ001;SWJ999;META;VILLAVICENCI;PUBLICO
SYA000;SYC550;CAUCA;POPAYAN;PUBLICO
SYC551;SYF050;CAUCA;POPAYAN;PUBLICO
SYJ001;SYJ999;CAUCA;POPAYAN;PUBLICO
SYK000;SYM999;CUNDINAMARCA;MOSQUERA;PUBLICO
SYN000;SYP999;CAQUETA;BELEN ANDAQU;PUBLICO
SYQ000;SYU999;CUNDINAMARCA;MOSQUERA;PUBLICO
SYV000;SYV999;NORTESANTAN;CUCUTA;PUBLICO
SYX000;SYZ999;INT DEL CAQU;EL PAUJIL;PUBLICO
TAA000;TAJ999;ANTIOQUIA;MEDELLIN;PUBLICO
TAK000;TAK100;CALDAS;ARANZAZU;PUBLICO
TBA000;TBJ999;ANTIOQUIA;MEDELLIN;PUBLICO
TBK000;TBN999;HUILA;PALERMO;PUBLICO
TBO000;TBR999;HUILA;CAMPOALEGRE;PUBLICO
TBS000;TBV999;HUILA;TIMANA;PUBLICO
TBW000;TBX999;BOLIVAR;ARJONA;PUBLICO
TCA000;TCB200;ANTIOQUIA;MEDELLIN;PUBLICO
TCB201;TDA200;ANTIOQUIA;MEDELLIN;PUBLICO
TDM000;TDR999;NARINO;TUQUERRES;PUBLICO
TEL000;TEN999;HUILA;BARAYA;PUBLICO
TET000;TEV999;CESAR;ROBLES (LA P;PUBLICO
TEW000;TEW999;CUNDINAMARCA;PACHO;PUBLICO
TEX000;TEZ999;CESAR;BOSCONIA;PUBLICO
TFK000;TFN999;META;GRANADA;PUBLICO
TFV000;TFZ999;META;ACACIAS;PUBLICO
TGM000;TGR999;CUNDINAMARCA;RICAURTE;PUBLICO
THE000;THE019;BOYACA;SOATA;PUBLICO
THE020;THE090;BOYACA;SOATA;PUBLICO
THI000;THI260;ANTIOQUIA;APARTADO;PUBLICO
THI261;THI560;ANTIOQUIA;APARTADO;PUBLICO
THK000;THO999;META;RESTREPO;PUBLICO
TIA000;TII900;ANTIOQUIA;MEDELLIN;PUBLICO
TIJ001;TIJ999;ANTIOQUIA;MEDELLIN;PUBLICO
TIK000;TIZ999;ANTIOQUIA;MEDELLIN;PUBLICO
TJA000;TJA999;QUINDIO;CIRCASIA;PUBLICO
TJB000;TJB999;QUINDIO;CIRCASIA;PUBLICO
TKA000;TKC200;ANTIOQUIA;ITAGUI;PUBLICO
TKC201;TKI200;ANTIOQUIA;ITAGUI;PUBLICO
TKJ001;TKJ999;ANTIOQUIA;ITAGUI;PUBLICO
TKK000;TKZ999;CAUCA;TIMBIO;PUBLICO
TMA000;TMD400;ANTIOQUIA;ENVIGADO;PUBLICO
TMD401;TMI999;ANTIOQUIA;ENVIGADO;PUBLICO
TMJ001;TMJ999;ANTIOQUIA;ENVIGADO;PUBLICO
TMK000;TMO400;ANTIOQUIA;ENVIGADO;PUBLICO
TMO401;TMT999;VALLE;JAMUNDI;PUBLICO
TNA000;TNB000;ANTIOQUIA;BELLO;PUBLICO
TNB001;TNE400;ANTIOQUIA;BELLO;PUBLICO
TNE401;TNF400;ANTIOQUIA;BOLIVAR;PUBLICO
TNJ001;TNJ999;ANTIOQUIA;BELLO;PUBLICO
TNK000;TNZ999;TOLIMA;IBAGUE;PUBLICO
TOA000;TOA850;ANTIOQUIA;RIONEGRO;PUBLICO
TOA851;TOB999;ANTIOQUIA;RIONEGRO;PUBLICO
TOC000;TOC092;ANTIOQUIA;TURBO;PUBLICO
TOC093;TOC300;ANTIOQUIA;RIONEGRO;PUBLICO
TOC301;TOC999;ANTIOQUIA;TURBO;PUBLICO
TOD000;TOD400;ANTIOQUIA;YARUMAL;PUBLICO
TOD401;TOD800;ANTIOQUIA;YARUMAL;PUBLICO
TOE000;TOE236;ANTIOQUIA;ANDES;PUBLICO
TOE237;TOE536;ANTIOQUIA;ANDES;PUBLICO
TOE537;TOI999;ANTIOQUIA;ANDES;PUBLICO
TOJ001;TOJ400;ANTIOQUIA;PUERTO BERRI;PUBLICO
TOJ401;TOJ900;ANTIOQUIA;PUERTO BERRI;PUBLICO
TOK000;TOO999;CHOCO;ISTMINA;PUBLICO
TOP000;TOT999;ANTIOQUIA;RIONEGRO;PUBLICO
TOU000;TOZ999;ANTIOQUIA;TURBO;PUBLICO
TPA000;TPJ999;ATLANTICO;BARRANQUILLA;PUBLICO
TPK000;TPN999;MUNIC.MEDELL;MUNIC.MEDELL;PARTICULAR
TQA000;TQG350;ATLANTICO;BARRANQUILLA;PUBLICO
TQG351;TQI999;ATLANTICO;BARRANQUILLA;PUBLICO
TQJ000;TQJ999;ATLANTICO;BARRANQUILLA;PUBLICO
TQK000;TRA999;ATLANTICO;BARRANQUILLA;PUBLICO
TRB000;TRZ999;ANTIOQUIA;BELLO;PUBLICO
TSA000;TSA999;BOYACA;MIRAFLORES;PUBLICO
TTA000;TTF999;BOLIVAR;CARTAGENA;PUBLICO
TTG000;TTG999;ANTIOQUIA;STA ROSAD O;PUBLICO
TTK000;TTK999;CUNDINAMARCA;MINISTERIO T;PUBLICO
TUQ000;TUZ999;BOLIVAR;TURBACO;PUBLICO
TVA001;TVZ999;BOLIVAR;TURBACO;PUBLICO
TWA000;TWZ999;BOYACA;PAIPA;PUBLICO
TXA000;TXZ999;VALLE;LA UNION;OFICIAL
TYA000;TYA100;CAUCA;MIRANDA;PUBLICO
UAA000;UAE800;BOLIVAR;CARTAGENA;PUBLICO
UAE801;UAI999;BOLIVAR;CARTAGENA;PUBLICO
UAJ001;UAJ999;BOLIVAR;CARTAGENA;PUBLICO
UAK000;UAM800;BOLIVAR;CARTAGENA;PUBLICO
UEE000;UEE550;BOLIVAR;MAGANGUE;PUBLICO
UEE551;UEF150;BOLIVAR;MAGANGUE;PUBLICO
UFB000;UFB550;BOLIVAR;MOMPOX;PUBLICO
UFB551;UFC150;BOLIVAR;MOMPOX;PUBLICO
UFE000;UFE025;CUNDINAMARCA;LA CALERA;PUBLICO
UFE026;UFF025;CUNDINAMARCA;LA CALERA;PUBLICO
UFF026;UFF350;PUTUMAYO;PUERTO ASIS;PUBLICO
UFF351;UFF750;PUTUMAYO;PUERTO ASIS;PUBLICO
UFG000;UFG500;VALLE;CAICEDONIA;PUBLICO
UFG501;UFH000;VALLE;CAICEDONIA;PUBLICO
UFJ001;UFJ070;BOLIVAR;CARMEN DEBO;PUBLICO
UFJ071;UFJ999;BOLIVAR;CARMEN DEBO;PUBLICO
UFK000;UFK999;BOLIVAR;CARMEN DEBO;PUBLICO
UFP000;UFZ999;CUNDINAMARCA;LA CALERA;PUBLICO
UGA000;UGD100;MAGDALENA;SANTA MARTA;PUBLICO
UGD101;UGH100;MAGDALENA;SANTA MARTA;PUBLICO
UGJ001;UGJ999;MAGDALENA;SANTA MARTA;PUBLICO
UIA000;UIG600;CORDOBA;MONTERIA;PUBLICO
UIG601;UII949;CORDOBA;MONTERIA;PUBLICO
UIJ001;UIJ999;CORDOBA;MONTERIA;PUBLICO
UIK000;UIP100;CORDOBA;MONTERIA;PUBLICO
UNA000;UNC050;SUCRE;SINCELEJO;PUBLICO
UNC051;UNF050;SUCRE;SINCELEJO;PUBLICO
UNJ001;UNJ999;SUCRE;SINCELEJO;PUBLICO
UPA000;UPA750;BOYACA;MONIQUIRA;PUBLICO
UPA751;UPC250;SUCRE;COROZAL;PUBLICO
UPG000;UPG026;BOYACA;MONIQUIRA;PUBLICO
UPG027;UPG126;BOYACA;MONIQUIRA;PUBLICO
UPI000;UPI020;ANTIOQUIA;CAUCASIA;PUBLICO
UPI021;UPI999;ANTIOQUIA;CAUCASIA;PUBLICO
UPJ000;UPJ099;ANTIOQUIA;CAUCASIA;PUBLICO
UPJ100;UPJ999;SUCRE;COROZAL;PUBLICO
UPK000;UPM999;ANTIOQUIA;CAUCASIA;PUBLICO
UPN000;UPN999;BOYACA;MONIQUIRA;PUBLICO
UQA000;UQF999;CORDOBA;MONTERIA;PUBLICO
UQG000;UQL999;CAUCA;POPAYAN;PUBLICO
UQM000;UQS999;MAGDALENA;SANTA MARTA;PUBLICO
UQT000;UQT999;BOYACA;TUNJA;PUBLICO
UQU000;UQW999;CHOCO;QUIBDO;PARTICULAR
UQX000;UQZ999;BOYACA;TUNJA;PUBLICO
URA000;URG050;NORTESANTAN;CUCUTA;PUBLICO
URG051;URI999;NORTESANTAN;CUCUTA;PUBLICO
URJ001;URJ999;NORTESANTAN;CUCUTA;PUBLICO
URK000;URO050;NORTESANTAN;CUCUTA;PUBLICO
UTT000;UTZ999;META;VILLAVICENCI;PUBLICO
UUA000;UUA320;NORTESANTAN;OCANA;PUBLICO
UUA321;UUB620;NORTESANTAN;OCANA;PUBLICO
UUJ001;UUJ999;NORTESANTAN;OCANA;PUBLICO
UVA000;UVA246;NORTESANTAN;CONVENCION;PUBLICO
UVE000;UVF500;NORTESANTAN;PAMPLONA;PUBLICO
UVF501;UVH000;NORTESANTAN;PAMPLONA;PUBLICO
UVJ001;UVJ246;NORTESANTAN;CONVENCION;PUBLICO
UVJ247;UVJ999;NORTESANTAN;CONVENCION;PUBLICO
UVK000;UVM999;CASANARE;YOPAL;PUBLICO
UVN000;UVX999;ATLANTICO;BARRANQUILLA;PUBLICO
UVY000;UVZ999;ATLANTICO;BARRANQUILLA;PUBLICO
UWA000;UWD800;CESAR;VALLEDUPAR;PUBLICO
UWD801;UWH300;CESAR;VALLEDUPAR;PUBLICO
UWJ001;UWJ999;CESAR;VALLEDUPAR;PUBLICO
UWO000;UWS999;CESAR;VALLEDUPAR;PUBLICO
UYA000;UYA400;CESAR;AGUACHICA;PUBLICO
UYG000;UYG419;CASANARE;YOPAL;PUBLICO
UYG420;UYG819;CASANARE;YOPAL;PUBLICO
UYJ001;UYJ700;CESAR;AGUACHICA;PUBLICO
UYJ701;UYJ999;CESAR;AGUACHICA;PUBLICO
UYK000;UYL999;CASANARE;YOPAL;PUBLICO
UYM000;UYZ999;ATLANTICO;BARRANQUILLA;PUBLICO
UZA000;UZA300;LA GUAJIRA;RIOHACHA;PUBLICO
UZA301;UZB300;LA GUAJIRA;RIOHACHA;PUBLICO
UZJ001;UZJ999;LA GUAJIRA;RIOHACHA;PUBLICO
UZK000;UZM999;BOYACA;SABOYA;PUBLICO
UZN000;UZP999;SANTANDER;VELEZ;PUBLICO
VAA000;VAJ999;VALLE;CALI;PUBLICO
VAL000;VAW999;CESAR;VALLEDUPAR;PARTICULAR
VBB000;VBI999;VALLE;CALI;PUBLICO
VBJ000;VBJ650;VALLE;CALI;PUBLICO
VBK000;VBV999;VALLE;CALI;PUBLICO
VBW000;VBZ999;VALLE;CALI;PUBLICO
VCA000;VCZ999;VALLE;CALI;PUBLICO
VIK000;VIR999;CALDAS;VILLAMARIA;PUBLICO
VIV000;VIY999;NORTESANTAN;VILLA ROSARI;PUBLICO
VIZ000;VIZ999;QUINDIO;ARMENIA;PUBLICO
VJA000;VJJ999;VALLE;CALI;PUBLICO
VJK000;VJO999;CORDOBA;PLANETA RICA;PUBLICO
VKE000;VKF100;VALLE;BUENAVENTURA;PUBLICO
VKF101;VKG999;VALLE;BUENAVENTURA;PUBLICO
VKH000;VKH999;QUINDIO;ARMENIA;PUBLICO
VKJ001;VKJ430;CAUCA;PUERTO TEJAD;PUBLICO
VKJ431;VKK999;CAUCA;PUERTO TEJAD;PUBLICO
VKL000;VKP999;VALLE;BUENAVENTURA;PUBLICO
VLA000;VLF550;VALLE;CARTAGO;PUBLICO
VLF551;VLI049;VALLE;CARTAGO;PUBLICO
VLI050;VLJ999;ANTIOQUIA;URRAO;PUBLICO
VLK000;VLM500;VALLE;CARTAGO;PUBLICO
VMA651;VMC650;VALLE;BUGA;PUBLICO
VMJ001;VMJ999;VALLE;BUGA;PUBLICO
VMT000;VMU999;VALLE;CANDELARIA;PUBLICO
VMV000;VMZ999;VALLE;BUENAVENTURA;PUBLICO
VNA000;VNA600;VALLE;TULUA;PUBLICO
VNA601;VNC100;VALLE;TULUA;PUBLICO
VNJ001;VNJ999;VALLE;TULUA;PUBLICO
VOE000;VOF250;VALLE;SEVILLA;PUBLICO
VOF251;VOF750;VALLE;CALI;PUBLICO
VOF751;VOH250;VALLE;SEVILLA;PUBLICO
VOJ000;VOJ630;VALLE;ROLDANILLO;PUBLICO
VOJ631;VOJ999;VALLE;ROLDANILLO;PUBLICO
VOV000;VOW999;VALLE;FLORIDA;PUBLICO
VPA000;VPC000;VALLE;PALMIRA;PUBLICO
VPC301;VPF300;VALLE;PALMIRA;PUBLICO
VPJ001;VPJ999;VALLE;PALMIRA;PUBLICO
VQA000;VQZ999;VALLE;PALMIRA;PUBLICO
VSA000;VSI100;NARINO;LA MACARENA;PUBLICO
VSI101;VSI999;NARINO;PASTO;PUBLICO
VSJ001;VSJ999;NARINO;PASTO;PUBLICO
VSK000;VSR100;NARINO;PASTO;PUBLICO
VXA000;VXE200;HUILA;NEIVA;PUBLICO
VXE201;VXJ200;HUILA;NEIVA;PUBLICO
VXJ201;VXJ999;HUILA;NEIVA;PUBLICO
VXK000;VYZ999;VALLE;ROLDANILLO;PUBLICO
VZA000;VZA830;HUILA;GARZON;PUBLICO
VZA831;VZC330;HUILA;GARZON;PUBLICO
VZE000;VZE512;HUILA;PITALITO;PUBLICO
VZE513;VZF012;HUILA;PITALITO;PUBLICO
VZF013;VZG999;HUILA;PITALITO;PUBLICO
VZH000;VZH340;VALLE;ZARZAL;PUBLICO
VZH341;VZH740;VALLE;ZARZAL;PUBLICO
VZI000;VZJ999;VALLE;ZARZAL;PUBLICO
VZK000;VZQ999;HUILA;PITALITO;PUBLICO
VZR000;VZR700;RISARALDA;DOS QUEBRADA;PUBLICO
WAA000;WAD500;CALDAS;MANIZALES;PUBLICO
WAD501;WAI500;CALDAS;MANIZALES;PUBLICO
WAJ001;WAJ999;CALDAS;MANIZALES;PUBLICO
WBA000;WBA500;CALDAS;MANIZALES;PUBLICO
WBA501;WBC700;CALDAS;MANIZALES;PUBLICO
WBD000;WBH999;CALDAS;MANIZALES;PUBLICO
WBJ001;WBJ999;CALDAS;MANIZALES;PUBLICO
WDA000;WDA450;CALDAS;LA DORADA;PUBLICO
WDA451;WDB850;CALDAS;LA DORADA;PUBLICO
WDJ000;WDJ999;CALDAS;LA DORADA;PUBLICO
WEA000;WEA524;CALDAS;ANSERMA;PUBLICO
WED600;WEF200;CALDAS;CHINCHINA;PUBLICO
WEF201;WEG700;CALDAS;CHINCHINA;PUBLICO
WEJ001;WEJ724;CALDAS;ANSERMA;PUBLICO
WEJ725;WEJ999;CALDAS;ANSERMA;PUBLICO
WFA000;WFA366;CALDAS;RIOSUCIO;PUBLICO
WFE000;WFE900;CALDAS;SALAMINA;PUBLICO
WFE901;WFF900;CALDAS;SALAMINA;PUBLICO
WFJ001;WFJ666;CALDAS;RIOSUCIO;PUBLICO
WFJ667;WFJ999;CALDAS;RIOSUCIO;PUBLICO
WGC000;WGC141;CALDAS;AGUADAS;PUBLICO
WGC142;WGC341;CALDAS;AGUADAS;PUBLICO
WGJ001;WGJ400;CALDAS;MANZANARES;PUBLICO
WGJ401;WGJ800;CALDAS;MANZANARES;PUBLICO
WHA000;WHE400;RISARALDA;PEREIRA;PUBLICO
WHE401;WHI999;RISARALDA;PEREIRA;PUBLICO
WHJ000;WHJ999;RISARALDA;PEREIRA;PUBLICO
WHK000;WHK900;RISARALDA;PEREIRA;PUBLICO
WLA000;WLA925;RISARALDA;ST ROSA DCA;PUBLICO
WLA926;WLC425;RISARALDA;ST ROSA DCA;PUBLICO
WLJ001;WLJ999;RISARALDA;ST ROSA DCA;PUBLICO
WMA000;WMA600;RISARALDA;LA VIRGINIA;PUBLICO
WMA601;WMC100;RISARALDA;LA VIRGINIA;PUBLICO
WMJ001;WMJ999;RISARALDA;LA VIRGINIA;PUBLICO
WNA000;WND343;QUINDIO;ARMENIA;PUBLICO
WND344;WNH343;QUINDIO;ARMENIA;PUBLICO
WNH344;WNJ000;QUINDIO;ARMENIA;PUBLICO
WNJ001;WNJ999;QUINDIO;ARMENIA;PUBLICO
WRA000;WRC500;QUINDIO;CALARCA;PUBLICO
WRC501;WRF500;QUINDIO;CALARCA;PUBLICO
WRJ001;WRJ999;QUINDIO;CALARCA;PUBLICO
WSJ001;WSJ500;QUINDIO;QUIMBAYA;PUBLICO
WSJ501;WSJ999;QUINDIO;QUIMBAYA;PUBLICO
WTA000;WTF100;TOLIMA;IBAGUE;PUBLICO
WTF101;WTI999;TOLIMA;IBAGUE;PUBLICO
WTJ001;WTJ999;TOLIMA;IBAGUE;PUBLICO
WTK000;WTM100;TOLIMA;IBAGUE;PUBLICO
WWA000;WWA000;TOLIMA;LERIDA;PUBLICO
WWA001;WWA500;TOLIMA;GUAMO;PUBLICO
WWA501;WWA999;TOLIMA;GUAMO;PUBLICO
WWE000;WWF000;TOLIMA;HONDA;PUBLICO
WWF001;WWG000;TOLIMA;HONDA;PUBLICO
WWJ001;WWJ900;TOLIMA;GUAMO;PUBLICO
WWJ901;WWJ999;TOLIMA;LERIDA;PUBLICO
WXA051;WXB050;TOLIMA;ESPINAL;PUBLICO
WXG000;WXG500;TOLIMA;PURIFICACION;PUBLICO
WXG501;WXH000;TOLIMA;PURIFICACION;PUBLICO
WYA000;WYA100;TOLIMA;GUAYABAL;PUBLICO
WYA101;WYA600;TOLIMA;GUAYABAL;PUBLICO
WYG000;WYG500;TOLIMA;CHAPARRAL;PUBLICO
WYG501;WYH500;TOLIMA;CHAPARRAL;PUBLICO
WYH501;WYI999;TOLIMA;CHAPARRAL;PUBLICO
WYJ001;WYJ999;TOLIMA;GUAYABAL;PUBLICO
WZA000;WZA405;TOLIMA;LIBANO;PUBLICO
WZA406;WZB805;TOLIMA;LIBANO;PUBLICO
WZC000;WZD200;TOLIMA;MELGAR;PUBLICO
WZD201;WZD500;TOLIMA;MELGAR;PUBLICO
WZE000;WZE280;TOLIMA;MARIQUITA;PUBLICO
WZE281;WZE580;TOLIMA;MARIQUITA;PUBLICO
WZF000;WZF270;TOLIMA;FRESNO;PUBLICO
WZF271;WZF570;TOLIMA;FRESNO;PUBLICO
WZG000;WZG025;CUNDINAMARCA;CHOCONTA;PUBLICO
WZG026;WZJ999;CUNDINAMARCA;CHOCONTA;PUBLICO
WZX000;WZZ999;TOLIMA;MELGAR;PUBLICO
XAA000;XAE750;BOYACA;TUNJA;PUBLICO
XAJ001;XAJ999;BOYACA;TUNJA;PUBLICO
XAK000;XAL750;BOYACA;SOGAMOSO;PUBLICO
XEJ001;XEJ088;NARINO;IPIALES;PUBLICO
XEJ089;XEO999;NARINO;IPIALES;PUBLICO
XFA000;XFA300;BOYACA;GUATEQUE;PUBLICO
XFA301;XFA800;BOYACA;GUATEQUE;PUBLICO
XFJ001;XFJ999;BOYACA;GUATEQUE;PUBLICO
XGA000;XGB050;BOYACA;SOGAMOSO;PUBLICO
XGB051;XGD050;BOYACA;SOGAMOSO;PUBLICO
XGJ001;XGJ999;BOYACA;SOGAMOSO;PUBLICO
XHA851;XHC850;BOYACA;CHIQUINQUIRA;PUBLICO
XIA000;XIB700;BOYACA;DUITAMA;PUBLICO
XIB701;XIE700;BOYACA;DUITAMA;PUBLICO
XIJ001;XIJ999;BOYACA;DUITAMA;PUBLICO
XJE000;XJF000;BOYACA;PUERTO BOYAC;PUBLICO
XJF001;XJG000;BOYACA;PUERTO BOYAC;PUBLICO
XKA000;XKJ999;SANTANDER;BUCARAMANGA;PUBLICO
XLA000;XLI999;SANTANDER;BUCARAMANGA;PUBLICO
XLJ000;XLJ500;SANTANDER;BUCARAMANGA;PUBLICO
XLJ501;XLM500;SANTANDER;BUCARAMANGA;PUBLICO
XMA000;XMJ999;SANTANDER;BUCARAMANGA;PUBLICO
XNA000;XNJ999;SANTANDER;BUCARAMANGA;PUBLICO
XOA000;XOJ999;SANTANDER;BUCARAMANGA;PUBLICO
XPA000;XPJ999;SANTANDER;BUCARAMANGA;PUBLICO
XPK000;XPK999;HUILA;LA PLATA;PUBLICO
XQA000;XQJ999;SANTANDER;BUCARAMANGA;PUBLICO
XRA000;XRJ999;SANTANDER;BUCARAMANGA;PUBLICO
XSA000;XSJ999;SANTANDER;BUCARAMANGA;PUBLICO
XTJ001;XTJ120;SANTANDER;S VICEN CHUC;PUBLICO
XTJ121;XTJ320;SANTANDER;S VICEN CHUC;PUBLICO
XUA000;XUA405;SANTANDER;MALAGA;PUBLICO
XUE000;XUF077;SANTANDER;SOCORRO;PUBLICO
XUF078;XUG077;SANTANDER;SOCORRO;PUBLICO
XUJ001;XUJ705;SANTANDER;MALAGA;PUBLICO
XUJ706;XUJ999;SANTANDER;MALAGA;PUBLICO
XUK000;XUZ999;SANTANDER;MALAGA;PUBLICO
XVA000;XVA392;SANTANDER;SAN GIL;PUBLICO
XVA393;XVB792;SANTANDER;SAN GIL;PUBLICO
XVH000;XVI999;SANTANDER;FLORIDABLANC;PUBLICO
XVJ001;XVJ999;SANTANDER;SAN GIL;PUBLICO
XVK000;XVT999;SANTANDER;FLORIDABLANC;PUBLICO
XWA000;XWA850;SANTANDER;BARRANCABERM;PUBLICO
XWA851;XWC850;SANTANDER;BARRANCABERM;PUBLICO
XWJ001;XWJ999;SANTANDER;BARRANCABERM;PUBLICO
XXA000;XXA320;SANTANDER;BARBOSA;PUBLICO
XXA321;XXB620;SANTANDER;BARBOSA;PUBLICO
XXJ001;XXJ999;SANTANDER;BARBOSA;PUBLICO
XYB000;XYC000;CAQUETA;FLORENCIA;PUBLICO
XYC001;XYD000;CAQUETA;FLORENCIA;PUBLICO
XYG000;XYG256;AMAZONAS;LETICIA;PUBLICO
XYG257;XYG456;AMAZONAS;LETICIA;PUBLICO
XYI000;XYI196;GUAINIA;PUERTO INIRI;PUBLICO
XYI197;XYI496;GUAINIA;PUERTO INIRI;PUBLICO
XYJ001;XYJ351;CHOCO;QUIBDO;PUBLICO
XYJ352;XYJ751;CHOCO;QUIBDO;PUBLICO
XZB000;XZB946;PUTUMAYO;MOCOA;PUBLICO
XZB947;XZB999;PUTUMAYO;MOCOA;PUBLICO
XZC947;XZC999;PUTUMAYO;MOCOA;PUBLICO
XZD000;XZE600;SN ANDRESY;SAN ANDRES;PUBLICO
XZE701;XZF999;SN ANDRESY;SAN ANDRES;PUBLICO
XZG000;XZG250;VAUPES;S JOSE GUAVI;PUBLICO
XZG251;XZG550;VAUPES;S JOSE GUAVI;PUBLICO
XZH000;XZH256;VICHADA;PUERTO CARRE;PUBLICO
XZH257;XZH556;VICHADA;PUERTO CARRE;PUBLICO
XZJ001;XZJ526;INT. DE ARAU;ARAUCA;PUBLICO
XZJ527;XZJ999;INT. DE ARAU;ARAUCA;PUBLICO
XZK000;XZK999;PUTUMAYO;MOCOA;PUBLICO
YAA000;YAA499;CORDOBA;LORICA;PUBLICO
YAA500;YAA699;CORDOBA;SAHAGUN;PUBLICO
YAB000;YAK999;VALLE;CALI;PUBLICO
YAP000;YAT999;VALLE;YUMBO;PUBLICO
YAU000;YAY999;ARUCA;EL ALISAL;PUBLICO
YAZ000;YAZ999;SN ANDRESY;SAN ANDRES;PUBLICO
YCK000;YCN999;CORDOBA;CHINU;PUBLICO
YHK000;YHN999;CORDOBA;CERETE;PUBLICO
ZAA000;ZAG999;VALLE;ZARZAL;PARTICULAR
ZAN000;ZAP499;SN ANDRESY;SAN ANDRES;PARTICULAR
ZAQ000;ZAU999;VALLE;ZARZAL;PARTICULAR
ZBS000;ZBV999;ANTIOQUIA;FRONTINO;PUBLICO
ZCA000;ZCH999;SUCRE;SINCELEJO;PARTICULAR
ZCR000;ZCS999;SANTANDER;SOCORRO;PARTICULAR
ZCW000;ZCZ999;CESAR;AGUSTIN CODA;PUBLICO
ZDA000;ZDZ999;VALLE;ANDALUCIA;PUBLICO
ZGA000;ZGE999;BOYACA;SOGAMOSO;PARTICULAR
ZGO000;ZGR999;SANTANDER;SAN GIL;PARTICULAR
ZIA000;ZIY999;CUNDINAMARCA;ZIPAQUIRA;PARTICULAR
ZIZ000;ZJF999;CUNDINAMARCA;ZIPAQUIRA;PARTICULAR
ZJG000;ZJG299;VAUPES;S JOSE GUAVI;PARTICULAR
ZJG300;ZJH999;CUNDINAMARCA;ZIPAQUIRA;PARTICULAR
ZKI000;ZKI299;CUNDINAMARCA;GUADAL CENTR;PUBLICO
ZLA000;ZLA499;CALDAS;SALAMINA;PARTICULAR
ZMA000;ZMK999;MAGDALENA;SANTA MARTA;PARTICULAR
ZNK000;ZNQ999;VALLE;EL CERRITO;PUBLICO
ZOA000;ZPN999;CUNDINAMARCA;SOACHA;PARTICULAR
ZRK000;ZRO999;RISARALDA;ST ROSA DCA;PARTICULAR
ZTA000;ZTA499;BOYACA;SOATA;PARTICULAR
ZTH000;ZTI999;CUNDINAMARCA;ZIPAQUIRA;PARTICULAR
ZVC000;ZVC299;SANTANDER;S VICEN CHUC;PARTICULAR
ZVL000;ZVN999;VALLE;SEVILLA;PARTICULAR
